Rk,Player,Tm,FantPos,Age,G,GS,Cmp,Att,Yds,TD,Int,Att,Yds,Y/A,TD,Tgt,Rec,Yds,Y/R,TD,Fmb,FL,TD,2PM,2PP,FantPt,PPR,DKPt,FDPt,VBD,PosRank,OvRank,-9999
1,Jonathan Taylor,IND,RB,26,11,11,0,0,0,0,0,205,1197,5.84,15,35,32,268,8.38,2,1,0,17,1,,251,282.5,288.5,266.5,141,1,1,TaylJo02
2,Christian McCaffrey,SFO,RB,29,12,12,0,0,0,0,0,217,796,3.67,7,103,81,785,9.69,5,2,0,12,,,230,311.1,317.1,270.6,122,2,2,McCaCh01
3,Jahmyr Gibbs,DET,RB,23,11,11,0,0,0,0,0,155,951,6.14,10,55,48,379,7.90,3,0,0,13,,,211,259.0,265.0,235.0,104,3,3,GibbJa01
4,Jaxon Smith-Njigba,SEA,WR,23,11,11,0,0,0,0,0,6,37,6.17,0,107,80,1313,16.41,7,2,1,7,,,175,255.0,259.0,215.0,89,1,4,SmitJa06
5,De'Von Achane,MIA,RB,24,11,11,0,0,0,0,0,164,900,5.49,5,71,54,370,6.85,4,1,0,9,,,181,235.0,241.0,208.0,75,4,5,AchaDe00
6,James Cook,BUF,RB,26,11,11,0,0,0,0,0,199,1084,5.45,8,26,24,203,8.46,1,2,1,9,,,181,204.7,211.7,192.7,75,5,6,CookJa01
7,Bijan Robinson,ATL,RB,23,11,11,0,0,0,0,0,172,853,4.96,4,61,49,543,11.08,2,2,1,6,1,,176,224.6,231.6,200.1,70,6,7,RobiBi01
8,George Pickens,DAL,WR,24,11,10,0,0,0,0,0,0,0,,0,92,67,1054,15.73,8,2,0,8,,,153,220.4,223.4,186.9,68,2,8,PickGe00
9,Josh Allen,BUF,QB,29,11,11,228,327,2709,18,9,70,371,5.30,10,0,0,0,,0,5,2,10,,,255,255.5,272.5,264.5,67,1,9,AlleJo02
10,Amon-Ra St. Brown,DET,WR,26,11,11,0,0,0,0,0,3,9,3.00,0,107,75,884,11.79,9,1,0,9,,,143,218.3,221.3,180.8,59,3,10,StxxAm00
11,Drake Maye,NWE,QB,23,12,12,252,355,3130,21,6,75,307,4.09,2,1,1,2,2.00,0,6,2,2,1,,238,239.1,253.1,244.6,51,2,11,MayeDr00
12,Davante Adams,LAR,WR,33,11,11,0,0,0,0,0,0,0,,0,94,48,631,13.15,12,0,0,12,,,135,183.1,186.1,159.1,51,4,12,AdamDa01
13,Patrick Mahomes,KAN,QB,30,11,11,262,407,2977,18,7,52,318,6.12,4,0,0,0,,0,3,0,4,,2,237,236.9,249.9,243.9,50,3,13,MahoPa00
14,Trey McBride,ARI,TE,26,11,11,0,0,0,0,0,0,0,,0,109,80,797,9.96,7,0,0,7,,,122,201.7,204.7,161.7,50,1,14,McBrTr01
15,Josh Jacobs,GNB,RB,27,10,10,0,0,0,0,0,169,648,3.83,11,35,28,237,8.46,0,2,1,11,,,153,180.5,187.5,166.5,49,7,15,JacoJo01
16,Javonte Williams,DAL,RB,25,11,11,0,0,0,0,0,181,896,4.95,8,39,28,107,3.82,1,2,2,9,,,150,178.3,186.3,164.3,46,8,16,WillJa10
17,Puka Nacua,LAR,WR,24,10,9,0,0,0,0,0,6,73,12.17,1,98,80,947,11.84,4,1,1,5,,,130,210.0,214.0,170.0,46,5,17,NacuPu00
18,Jalen Hurts,PHI,QB,27,11,11,207,308,2284,17,1,80,298,3.73,8,0,0,0,,0,5,2,8,,,231,231.2,240.2,232.2,45,4,18,HurtJa00
19,Kyren Williams,LAR,RB,25,11,11,0,0,0,0,0,170,796,4.68,6,32,24,184,7.67,3,2,2,9,,,148,172.0,180.0,160.0,44,9,19,WillKy02
20,Derrick Henry,BAL,RB,31,11,11,0,1,0,0,0,187,871,4.66,9,17,13,98,7.54,0,3,2,9,,,147,159.9,164.9,153.4,43,10,20,HenrDe00
21,Rico Dowdle,CAR,RB,27,12,6,0,0,0,0,0,174,871,5.01,5,34,27,233,8.63,1,1,0,6,,,146,173.4,179.4,159.9,43,11,21,DowdRi01
22,Matthew Stafford,LAR,QB,37,11,11,248,373,2830,30,2,24,-9,-0.38,0,0,0,0,,0,5,2,0,,,224,224.3,231.3,226.3,38,5,22,StafMa00
23,Travis Etienne,JAX,RB,26,11,11,0,0,0,0,0,169,815,4.82,5,37,24,160,6.67,2,1,0,7,,,140,163.5,169.5,151.5,36,12,23,EtieTr00
24,Dak Prescott,DAL,QB,32,11,11,276,398,2941,23,7,38,126,3.32,2,0,0,0,,0,4,1,2,,1,220,220.2,234.2,227.2,34,6,24,PresDa01
25,Drake London,ATL,WR,24,9,9,0,0,0,0,0,0,0,,0,94,60,810,13.50,6,1,1,6,1,,117,177.0,181.0,147.0,34,6,25,LondDr00
26,Ja'Marr Chase,CIN,WR,25,10,10,0,0,0,0,0,2,6,3.00,0,117,79,861,10.90,5,1,1,5,,,115,193.7,197.7,154.2,32,7,26,ChasJa00
27,Emeka Egbuka,TAM,WR,23,11,10,0,0,0,0,0,2,9,4.50,0,93,48,749,15.60,6,0,0,6,1,,114,161.8,164.8,137.8,31,8,27,EgbuEm01
28,Caleb Williams,CHI,QB,24,11,11,213,360,2568,16,4,56,293,5.23,3,2,2,22,11.00,1,6,1,4,,,212,214.2,225.2,217.2,27,7,28,WillCa03
29,Ashton Jeanty,LVR,RB,22,11,11,0,0,0,0,0,166,604,3.64,4,46,37,221,5.97,4,2,1,8,,,129,165.5,172.5,147.0,26,13,29,JeanAs00
30,Saquon Barkley,PHI,RB,28,11,11,0,0,0,0,0,185,684,3.70,4,41,35,259,7.40,2,1,1,6,,,128,163.3,170.3,145.8,26,14,30,BarkSa00
31,Tetairoa McMillan,CAR,WR,22,12,12,0,0,0,0,0,0,0,,0,96,56,783,13.98,5,0,0,5,,,108,164.3,167.3,136.3,26,9,31,McMiTe00
32,Daniel Jones,IND,QB,28,11,11,242,350,2840,17,7,43,159,3.70,5,0,0,0,,0,8,3,5,,1,210,209.5,225.5,216.5,24,8,32,JoneDa05
33,Breece Hall,NYJ,RB,24,11,11,1,1,4,1,0,168,766,4.56,2,37,28,301,10.75,1,2,2,3,,,125,152.9,160.9,138.9,23,15,33,HallBr03
34,Michael Pittman Jr.,IND,WR,28,11,10,0,0,0,0,0,0,0,,0,78,59,607,10.29,7,0,0,7,1,,105,163.7,166.7,134.2,23,10,34,PittMi01
35,Travis Kelce,KAN,TE,36,11,11,0,0,0,0,0,1,1,1.00,0,72,54,674,12.48,4,0,0,4,1,,94,147.5,150.5,120.5,23,2,35,KelcTr00
36,Justin Herbert,LAC,QB,27,11,11,250,376,2691,19,9,54,345,6.39,1,0,0,0,,0,2,1,1,1,,206,206.1,222.1,215.1,21,9,36,HerbJu00
37,Jaylen Waddle,MIA,WR,27,11,11,1,1,8,0,0,0,0,,0,73,49,722,14.73,5,0,0,5,,,103,151.5,154.5,127.0,21,11,37,WaddJa00
38,Tyler Warren,IND,TE,23,11,8,0,1,0,0,0,4,6,1.50,1,74,55,662,12.04,3,0,0,4,,,91,145.8,148.8,118.3,21,3,38,WarrTy00
39,Tee Higgins,CIN,WR,26,11,11,0,0,0,0,0,0,0,,0,70,40,575,14.38,7,0,0,7,1,,102,141.5,144.5,121.5,20,12,39,HiggTe00
40,Rome Odunze,CHI,WR,23,11,11,0,0,0,0,0,0,0,,0,84,42,653,15.55,6,0,0,6,,,101,143.3,146.3,122.3,19,13,40,OdunRo00
41,Wan'Dale Robinson,NYG,WR,24,12,11,0,0,0,0,0,2,2,1.00,0,102,66,794,12.03,3,1,0,3,,,98,163.6,166.6,130.6,16,14,41,RobiWa01
42,Jake Ferguson,DAL,TE,26,11,7,0,0,0,0,0,1,1,1.00,0,77,65,460,7.08,7,2,1,7,,,86,151.1,155.1,118.6,16,4,42,FergJa00
43,Tucker Kraft,GNB,TE,25,8,8,0,0,0,0,0,1,3,3.00,0,44,32,489,15.28,6,0,0,6,,,85,117.2,120.2,101.2,15,5,43,KrafTu00
44,Quinshon Judkins,CLE,RB,22,10,10,0,0,0,0,0,173,667,3.86,7,20,14,70,5.00,0,0,0,7,,,116,129.7,132.7,122.7,14,16,44,JudkQu00
45,Chris Olave,NOR,WR,25,11,11,0,1,0,0,1,1,-3,-3.00,0,108,69,734,10.64,4,0,0,4,,,95,164.1,168.1,130.6,14,15,45,OlavCh00
46,Hunter Henry,NWE,TE,31,12,12,0,0,0,0,0,0,0,,0,63,41,537,13.10,5,0,0,5,,,84,124.7,127.7,104.2,14,6,46,HenrHu00
47,Bo Nix,DEN,QB,25,11,11,237,387,2421,18,8,50,213,4.26,3,1,0,0,,0,2,1,3,,4,198,198.1,213.1,206.1,13,10,47,NixxBo00
48,D.K. Metcalf,PIT,WR,28,11,11,0,0,0,0,0,2,12,6.00,1,70,42,573,13.64,5,0,0,6,,,95,136.5,139.5,115.5,13,17,48,MetcDK00
49,Nico Collins,HOU,WR,26,10,10,0,0,0,0,0,1,8,8.00,0,85,52,697,13.40,4,1,1,4,1,,95,146.5,150.5,120.5,13,16,49,CollNi00
50,D'Andre Swift,CHI,RB,26,10,10,0,0,0,0,0,142,649,4.57,4,34,24,224,9.33,1,2,2,5,,,113,137.3,145.3,125.3,12,17,50,SwifDA00
51,DeVonta Smith,PHI,WR,27,11,11,0,0,0,0,0,0,0,,0,78,55,754,13.71,3,0,0,3,,,93,148.4,151.4,120.9,12,18,51,SmitDe07
52,Justin Jefferson,MIN,WR,26,11,11,0,0,0,0,0,1,4,4.00,0,99,60,795,13.25,2,0,0,2,,,92,151.9,154.9,121.9,11,19,52,JeffJu00
53,Courtland Sutton,DEN,WR,30,11,11,0,0,0,0,0,0,0,,0,74,45,649,14.42,4,0,0,4,1,,91,135.9,138.9,113.4,10,20,53,SuttCo00
54,Dallas Goedert,PHI,TE,30,10,10,0,0,0,0,0,0,0,,0,52,38,376,9.89,7,0,0,7,,,80,117.6,120.6,98.6,10,7,54,GoedDa00
55,Jared Goff,DET,QB,31,11,11,244,352,2769,23,5,12,22,1.83,0,0,0,0,,0,3,2,0,,,191,191.0,201.0,196.0,7,11,55,GoffJa00
56,Deebo Samuel,WAS,WR,29,10,6,0,0,0,0,0,11,52,4.73,1,68,53,470,8.87,5,1,0,6,,,88,141.2,144.2,114.7,7,22,56,SamuDe00
57,Ladd McConkey,LAC,WR,24,11,9,0,0,0,0,0,0,0,,0,84,54,644,11.93,4,0,0,4,,,88,142.4,145.4,115.4,7,21,57,McCoLa00
58,TreVeyon Henderson,NWE,RB,23,12,4,0,0,0,0,0,118,558,4.73,5,34,29,180,6.21,1,1,1,6,,,108,136.8,143.8,122.3,6,19,58,HendTr02
59,Chase Brown,CIN,RB,25,11,11,0,0,0,0,0,145,626,4.32,2,57,41,252,6.15,1,2,0,3,1,,108,148.8,154.8,128.3,6,18,59,BrowCh10
60,Kenneth Walker III,SEA,RB,25,11,11,0,0,0,0,0,147,677,4.61,4,19,17,157,9.24,0,0,0,4,,,107,124.4,130.4,115.9,6,20,60,WalkKe00
61,Jameson Williams,DET,WR,24,11,9,0,0,0,0,0,4,10,2.50,0,53,31,562,18.13,5,0,0,5,,,87,118.2,121.2,102.7,6,23,61,WillJa11
62,Tre Tucker,LVR,WR,24,11,11,0,0,0,0,0,6,36,6.00,0,64,41,530,12.93,5,0,0,5,,,87,127.6,130.6,107.1,6,24,62,TuckTr00
63,Jaylen Warren,PIT,RB,27,10,9,0,0,0,0,0,141,604,4.28,3,28,25,219,8.76,1,0,0,4,,,106,131.3,137.3,118.8,5,21,63,WarrJa01
64,Troy Franklin,DEN,WR,22,11,6,0,0,0,0,0,4,9,2.25,0,81,46,509,11.07,5,1,1,5,3,,86,131.8,135.8,108.8,5,26,64,FranTr00
65,Stefon Diggs,NWE,WR,32,12,12,0,0,0,0,0,0,0,,0,75,61,679,11.13,3,0,0,3,,,86,146.9,149.9,116.4,5,25,65,DiggSt00
66,J.K. Dobbins,DEN,RB,27,10,9,0,0,0,0,0,153,772,5.05,4,14,11,37,3.36,0,0,0,4,,,105,115.9,118.9,110.4,4,22,66,DobbJK00
67,Quentin Johnston,LAC,WR,24,10,8,0,0,0,0,0,2,7,3.50,0,65,37,502,13.57,6,1,1,6,,,85,121.9,125.9,103.4,4,27,67,JohnQu02
68,Theo Johnson,NYG,TE,24,12,12,0,0,0,0,0,0,0,,0,60,39,427,10.95,5,0,0,5,,,73,111.7,114.7,92.2,4,8,68,JohnTh00
69,Cam Skattebo,NYG,RB,23,8,5,0,0,0,0,0,101,410,4.06,5,32,24,207,8.63,2,1,1,7,1,,104,127.7,134.7,115.7,3,23,69,SkatCa00
70,Zay Flowers,BAL,WR,25,11,11,0,0,0,0,0,8,42,5.25,0,77,58,761,13.12,1,1,1,1,,,84,142.3,146.3,113.3,3,28,70,FlowZa00
71,Keenan Allen,LAC,WR,33,11,2,0,0,0,0,0,0,0,,0,86,56,592,10.57,4,1,0,4,,,83,139.2,142.2,111.2,2,29,71,AlleKe00
72,Brock Bowers,LVR,TE,23,8,4,0,0,0,0,0,2,2,1.00,0,64,45,510,11.33,3,0,0,3,1,,71,116.2,119.2,93.7,2,9,72,BoweBr01
73,Juwan Johnson,NOR,TE,29,11,7,0,0,0,0,0,0,0,,0,67,49,537,10.96,3,1,1,3,,,70,118.7,122.7,94.2,1,10,73,JohnJu02
74,Baker Mayfield,TAM,QB,30,11,11,225,359,2406,18,5,31,216,6.97,1,0,0,0,,0,7,2,1,,1,184,183.8,196.8,188.8,,12,74,MayfBa00
75,Trevor Lawrence,JAX,QB,26,11,11,220,368,2407,14,11,54,210,3.89,5,0,0,0,,0,5,3,5,,,175,175.3,195.3,186.3,,13,75,LawrTr00
76,Jordan Love,GNB,QB,27,11,11,224,331,2560,15,3,36,160,4.44,0,0,0,0,,0,5,2,0,,2,172,172.4,183.4,175.4,,14,76,LoveJo03
77,Sam Darnold,SEA,QB,28,11,11,207,298,2785,19,10,16,49,3.06,0,0,0,0,,0,5,4,0,,,164,164.3,181.3,174.3,,15,77,DarnSa00
78,Jaxson Dart,NYG,QB,22,9,7,128,204,1417,10,3,57,317,5.56,7,0,0,0,,0,3,2,7,,,160,160.4,171.4,163.4,,16,78,DartJa00
79,Lamar Jackson,BAL,QB,28,8,8,130,195,1595,15,3,46,237,5.15,1,0,0,0,,0,4,1,1,,1,148,147.5,157.5,150.5,,17,,JackLa00
80,Joe Flacco,2TM,QB,40,10,10,247,410,2451,15,10,16,31,1.94,1,0,0,0,,0,3,3,1,,2,145,145.1,161.1,155.1,,19,,FlacJo00
81,Aaron Rodgers,PIT,QB,42,10,10,192,289,1969,19,7,14,26,1.86,0,0,0,0,,0,2,0,0,,1,145,145.4,155.4,152.4,,18,,RodgAa00
82,Justin Fields,NYJ,QB,26,9,9,128,204,1259,7,1,71,383,5.39,4,1,0,0,,0,4,3,4,2,3,143,142.7,152.7,143.7,,20,,FielJu00
83,Bryce Young,CAR,QB,24,11,11,215,343,2131,15,9,27,98,3.63,1,0,0,0,,0,6,4,1,,1,137,137.0,153.0,146.0,,21,,YounBr01
84,Geno Smith,LVR,QB,35,11,11,235,353,2367,13,13,37,110,2.97,0,0,0,0,,0,3,1,0,,1,132,131.7,151.7,144.7,,22,,SmitGe00
85,Tua Tagovailoa,MIA,QB,27,11,11,213,312,2123,17,13,14,38,2.71,0,0,0,0,,0,6,1,0,,1,131,130.7,147.7,143.7,,23,,TagoTu00
86,Mac Jones,SFO,QB,27,9,8,201,289,2151,13,6,31,61,1.97,0,0,0,0,,0,4,2,0,,1,130,130.1,141.1,136.1,,24,,JoneMa05
87,Jacoby Brissett,ARI,QB,33,8,6,175,262,1887,11,3,24,100,4.17,1,0,0,0,,0,4,3,1,,1,125,125.5,137.5,128.5,,25,,BrisJa00
88,C.J. Stroud,HOU,QB,24,8,8,161,242,1702,11,5,29,189,6.52,0,0,0,0,,0,0,0,0,,,121,121.0,132.0,126.0,,26,,StroCJ00
89,Michael Penix,ATL,QB,25,9,9,166,276,1982,9,3,21,70,3.33,1,0,0,0,,0,4,2,1,,1,120,120.3,128.3,123.3,,27,,PeniMi00
90,Jayden Daniels,WAS,QB,25,6,6,105,168,1184,8,2,54,262,4.85,2,0,0,0,,0,3,2,2,,1,112,111.6,121.6,113.6,,28,,DaniJa02
91,Cam Ward,TEN,QB,23,11,11,222,374,2210,7,6,27,116,4.30,1,0,0,0,,0,8,6,1,,,110,110.0,128.0,116.0,,29,,WardCa00
92,Kareem Hunt,KAN,RB,30,11,3,0,0,0,0,0,116,457,3.94,7,16,13,92,7.08,1,2,1,8,,,101,113.9,117.9,107.4,,24,,HuntKa00
93,David Montgomery,DET,RB,28,11,0,1,1,3,1,0,115,511,4.44,5,22,18,135,7.50,0,1,1,5,1,,99,116.7,123.7,107.7,,25,,MontDa01
94,Spencer Rattler,NOR,QB,25,8,8,174,256,1586,8,5,31,167,5.39,0,2,1,0,0.00,0,4,2,0,,,98,99.1,112.1,103.6,,30,,RattSp00
95,Zach Charbonnet,SEA,RB,24,10,0,0,0,0,0,0,111,385,3.47,7,10,9,67,7.44,0,0,0,7,,,87,96.2,99.2,91.7,,26,,CharZa00
96,Marcus Mariota,WAS,QB,32,7,5,92,140,1065,7,5,27,193,7.15,1,0,0,0,,0,2,1,1,,1,86,85.9,97.9,90.9,,31,,MariMa01
97,Jordan Mason,MIN,RB,26,11,4,0,0,0,0,0,116,531,4.58,5,14,12,44,3.67,0,2,1,5,,,86,97.5,101.5,91.5,,27,,MasoJo00
98,Kenneth Gainwell,PIT,RB,26,11,2,0,0,0,0,0,71,336,4.73,3,48,42,234,5.57,2,2,1,5,,,85,127.0,134.0,106.0,,28,,GainKe00
99,Woody Marks,HOU,RB,25,11,3,0,0,0,0,0,115,422,3.67,2,26,17,185,10.88,2,0,0,4,,,85,101.7,107.7,93.2,,29,,MarkWo00
100,A.J. Brown,PHI,WR,28,10,10,0,0,0,0,0,0,0,,0,75,46,567,12.33,4,0,0,4,,,81,126.7,129.7,103.7,,30,,BrowAJ00
101,RJ Harvey,DEN,RB,24,11,2,0,1,0,0,0,61,244,4.00,2,32,28,195,6.96,4,0,0,6,,,80,107.9,113.9,93.9,,31,,HarvRJ00
102,Kyle Monangai,CHI,RB,23,11,1,0,0,0,0,0,99,461,4.66,4,16,10,97,9.70,0,0,0,4,,,80,89.8,92.8,84.8,,32,,MonaKy00
103,D.J. Moore,CHI,WR,28,11,11,1,1,2,1,0,13,57,4.38,1,58,36,485,13.47,3,1,1,4,,,80,116.3,120.3,98.3,,31,,MoorD.00
104,Rachaad White,TAM,RB,26,11,7,0,0,0,0,0,104,414,3.98,4,33,29,148,5.10,0,0,0,4,,,80,109.2,115.2,94.7,,30,,WhitRa01
105,Marvin Harrison Jr.,ARI,WR,23,9,9,0,0,0,0,0,0,0,,0,62,34,525,15.44,4,0,0,4,1,,79,112.5,115.5,95.5,,32,,HarrMa09
106,Tyler Allgeier,ATL,RB,25,11,1,0,0,0,0,0,89,324,3.64,7,9,8,31,3.88,0,0,0,7,,,78,85.5,88.5,81.5,,33,,AllgTy00
107,Romeo Doubs,GNB,WR,25,11,11,0,0,0,0,0,0,0,,0,67,41,522,12.73,4,0,0,4,1,,78,119.2,122.2,98.7,,33,,DoubRo00
108,Kyler Murray,ARI,QB,28,5,5,110,161,962,6,3,29,173,5.97,1,0,0,0,,0,1,1,1,,,78,77.8,87.8,80.8,,32,,MurrKy00
109,Jacory Croskey-Merritt,WAS,RB,24,11,5,0,0,0,0,0,114,498,4.37,4,13,9,68,7.56,0,2,2,4,,,77,85.6,90.6,81.1,,35,,CrosJa00
110,Tony Pollard,TEN,RB,28,11,11,0,0,0,0,0,140,522,3.73,2,32,26,168,6.46,0,2,2,2,,,77,103.0,111.0,90.0,,34,,PollTo00
111,Kayshon Boutte,NWE,WR,23,10,7,0,0,0,0,0,0,0,,0,33,25,446,17.84,5,0,0,5,,,75,99.6,102.6,87.1,,35,,BoutKa00
112,CeeDee Lamb,DAL,WR,26,8,7,0,0,0,0,0,1,2,2.00,0,72,44,632,14.36,2,0,0,2,,,75,119.4,122.4,97.4,,34,,LambCe00
113,Khalil Shakir,BUF,WR,25,11,7,0,0,0,0,0,1,5,5.00,0,71,54,564,10.44,3,1,1,3,,,73,126.9,130.9,99.9,,36,,ShakKh00
114,Parker Washington,JAX,WR,23,11,5,0,0,0,0,0,6,5,0.83,0,60,35,421,12.03,3,1,0,5,,,73,107.6,110.6,90.1,,37,,WashPa01
115,Dillon Gabriel,CLE,QB,25,8,6,109,184,937,7,2,14,86,6.14,0,0,0,0,,0,0,0,0,,,70,70.1,75.1,72.1,,34,,GabrDi00
116,Carson Wentz,MIN,QB,33,5,5,110,169,1216,6,5,11,57,5.18,0,0,0,0,,0,3,0,0,,1,70,70.3,78.3,75.3,,33,,WentCa00
117,Mark Andrews,BAL,TE,30,11,8,0,0,0,0,0,9,45,5.00,1,46,33,285,8.64,5,1,0,6,,,69,102.0,105.0,85.5,,11,,AndrMa00
118,Dalton Kincaid,BUF,TE,26,8,3,0,0,0,0,0,0,0,,0,36,29,448,15.45,4,1,0,4,,,69,97.8,100.8,83.3,,12,,KincDa00
119,Marquise Brown,KAN,WR,28,11,4,0,0,0,0,0,0,0,,0,58,39,439,11.26,4,1,0,4,,,68,106.9,109.9,87.4,,38,,BrowMa04
120,Chuba Hubbard,CAR,RB,26,10,6,0,0,0,0,0,94,350,3.72,1,30,21,153,7.29,2,0,0,3,,,68,89.3,95.3,78.8,,36,,HubbCh01
121,Alvin Kamara,NOR,RB,30,11,11,0,0,0,0,0,131,471,3.60,1,39,33,186,5.64,0,2,2,1,,,68,100.7,108.7,84.2,,37,,KamaAl00
122,Sam LaPorta,DET,TE,24,9,9,0,0,0,0,0,0,0,,0,49,40,489,12.23,3,0,0,3,,,67,106.9,109.9,86.9,,13,,LaPoSa01
123,Alec Pierce,IND,WR,25,9,8,0,0,0,0,0,0,0,,0,54,29,611,21.07,1,0,0,1,,,67,96.1,99.1,81.6,,40,,PierAl00
124,Rashee Rice,KAN,WR,25,5,5,0,0,0,0,0,4,18,4.50,1,47,34,394,11.59,3,1,0,4,1,,67,101.2,104.2,84.2,,39,,RiceRa01
125,Jauan Jennings,SFO,WR,28,10,10,0,0,0,0,0,0,0,,0,63,37,419,11.32,4,1,1,4,1,,66,102.9,106.9,84.4,,42,,JennJa00
126,Davis Mills,HOU,QB,27,5,3,88,150,879,5,1,12,48,4.00,1,0,0,0,,0,1,0,1,,1,66,66.0,70.0,67.0,,35,,MillDa02
127,Rashid Shaheed,2TM,WR,27,12,11,0,0,0,0,0,6,32,5.33,0,74,47,529,11.26,2,2,1,2,,,66,113.1,117.1,89.6,,41,,ShahRa00
128,Tyrone Tracy Jr.,NYG,RB,26,10,6,0,0,0,0,0,103,398,3.86,1,30,21,206,9.81,0,0,0,1,,,66,87.4,93.4,76.9,,38,,TracTy00
129,Zach Ertz,WAS,TE,35,11,11,0,0,0,0,0,0,0,,0,57,39,387,9.92,4,1,0,4,1,,65,103.7,106.7,84.2,,14,,ErtzZa00
130,J.J. McCarthy,MIN,QB,22,6,6,86,159,929,6,10,23,120,5.22,2,0,0,0,,0,5,1,2,,1,65,65.2,82.2,75.2,,36,,McCaJJ00
131,Kimani Vidal,LAC,RB,24,8,6,0,0,0,0,0,96,417,4.34,2,16,12,52,4.33,1,1,0,3,,,65,76.9,79.9,70.9,,39,,VidaKi00
132,AJ Barner,SEA,TE,23,11,11,0,0,0,0,0,8,11,1.38,1,41,33,324,9.82,4,2,0,5,,,64,96.5,99.5,80.0,,15,,BarnAJ00
133,Garrett Wilson,NYJ,WR,25,7,7,0,0,0,0,0,0,0,,0,59,36,395,10.97,4,1,0,4,,,64,99.5,102.5,81.5,,43,,WilsGa00
134,George Kittle,SFO,TE,32,7,7,0,0,0,0,0,1,-3,-3.00,0,40,33,329,9.97,5,0,0,5,,,63,95.6,98.6,79.1,,16,,KittGe00
135,Jordan Addison,MIN,WR,23,8,7,0,0,0,0,0,1,16,16.00,0,53,28,412,14.71,3,0,0,3,,,61,88.8,91.8,74.8,,44,,AddiJo00
136,Nick Chubb,HOU,RB,30,11,8,0,0,0,0,0,105,435,4.14,2,19,12,58,4.83,0,0,0,2,,,61,73.3,76.3,67.3,,41,,ChubNi00
137,Oronde Gadsden II,LAC,TE,22,9,4,0,0,0,0,0,0,0,,0,49,37,507,13.70,2,1,1,2,,,61,97.7,101.7,79.2,,17,,GadsOr01
138,Brock Purdy,SFO,QB,26,4,4,90,131,979,8,7,14,39,2.79,0,0,0,0,,0,1,1,0,,1,61,61.1,72.1,68.1,,37,,PurdBr00
139,Sean Tucker,TAM,RB,24,11,0,0,0,0,0,0,63,277,4.40,4,10,8,34,4.25,1,1,0,5,,,61,69.1,72.1,65.1,,42,,TuckSe00
140,Emanuel Wilson,GNB,RB,26,11,1,0,0,0,0,0,81,327,4.04,3,15,13,87,6.69,0,1,0,3,1,,61,74.4,77.4,67.9,,40,,WilsEm00
141,Tez Johnson,TAM,WR,23,10,6,0,0,0,0,0,6,17,2.83,0,37,23,282,12.26,5,0,0,5,,,60,82.9,85.9,71.4,,45,,JohnTe03
142,Rhamondre Stevenson,NWE,RB,27,9,8,0,0,0,0,0,89,284,3.19,3,21,17,174,10.24,0,3,3,3,1,,60,76.8,85.8,68.3,,43,,StevRh00
143,Harold Fannin,CLE,TE,21,11,9,0,0,0,0,0,4,10,2.50,0,69,48,462,9.63,2,0,0,2,,,59,107.2,110.2,83.2,,18,,FannHa00
144,Michael Wilson,ARI,WR,25,11,7,0,0,0,0,0,0,0,,0,71,47,534,11.36,1,0,0,1,,,59,106.4,109.4,82.9,,46,,WilsMi02
145,Demario Douglas,NWE,WR,25,12,0,0,0,0,0,0,6,16,2.67,0,36,24,369,15.38,3,0,0,3,,,57,80.5,83.5,68.5,,48,,DougDe00
146,Omarion Hampton,LAC,RB,22,5,5,0,0,0,0,0,66,314,4.76,2,22,20,136,6.80,0,1,0,2,,,57,77.0,83.0,67.0,,44,,HampOm00
147,Jakobi Meyers,2TM,WR,29,10,7,0,0,0,0,0,0,0,,0,64,45,507,11.27,1,0,0,1,,,57,101.7,104.7,79.2,,47,,MeyeJa01
148,Colston Loveland,CHI,TE,21,10,8,0,0,0,0,0,0,0,,0,38,28,378,13.50,3,0,0,3,,,56,83.8,86.8,69.8,,19,,LoveCo00
149,Dalton Schultz,HOU,TE,29,11,4,0,0,0,0,0,0,0,,0,72,52,497,9.56,1,0,0,1,,,56,107.7,110.7,81.7,,20,,SchuDa00
150,Brian Thomas,JAX,WR,23,8,8,0,0,0,0,0,2,16,8.00,1,60,30,420,14.00,1,0,0,2,,,56,85.6,88.6,70.6,,49,,ThomBr06
151,Bhayshul Tuten,JAX,RB,23,11,0,0,0,0,0,0,67,255,3.81,3,12,8,61,7.63,1,0,0,4,,,56,63.6,66.6,59.6,,45,,TuteBh00
152,Aaron Jones,MIN,RB,31,7,7,0,0,0,0,0,61,297,4.87,1,26,16,128,8.00,1,1,0,2,,,55,70.5,76.5,62.5,,46,,JoneAa00
153,Tyquan Thornton,KAN,WR,25,11,3,0,0,0,0,0,0,0,,0,31,15,372,24.80,3,0,0,3,,,55,70.2,73.2,62.7,,50,,ThorTy00
154,Pat Freiermuth,PIT,TE,27,11,4,0,0,0,0,0,0,0,,0,32,26,298,11.46,4,0,0,4,,,54,79.8,82.8,66.8,,21,,FreiPa00
155,Mack Hollins,NWE,WR,32,12,10,0,0,0,0,0,1,4,4.00,0,44,32,417,13.03,2,0,0,2,,,54,86.1,89.1,70.1,,51,,HollMa00
156,Zonovan Knight,ARI,RB,24,9,5,0,0,0,0,0,63,193,3.06,4,22,16,106,6.63,0,0,0,4,,,54,69.9,75.9,61.9,,47,,KnigZo00
157,Jayden Higgins,HOU,WR,23,11,6,0,0,0,0,0,0,0,,0,45,27,294,10.89,4,0,0,4,,,53,80.4,83.4,66.9,,52,,HiggJa00
158,Bucky Irving,TAM,RB,23,4,4,0,0,0,0,0,71,237,3.34,0,19,19,193,10.16,2,1,1,2,,,53,72.0,79.0,62.5,,48,,IrviBu00
159,Tory Horton,SEA,WR,23,8,3,0,0,0,0,0,0,0,,0,22,13,161,12.38,5,0,0,6,,,52,65.1,68.1,58.6,,53,,HortTo00
160,Kyle Pitts,ATL,TE,25,11,11,0,0,0,0,0,0,0,,0,67,49,459,9.37,1,0,0,1,,,52,100.9,103.9,76.4,,22,,PittKy00
161,Chimere Dike,TEN,WR,24,11,7,0,0,0,0,0,8,17,2.13,0,43,28,252,9.00,2,1,0,4,,,51,78.9,81.9,64.9,,54,,DikeCh00
162,Russell Wilson,NYG,QB,37,6,3,69,119,831,3,3,18,106,5.89,0,0,0,0,,0,3,0,0,,,50,49.8,58.8,52.8,,38,,WilsRu00
163,Jake Browning,CIN,QB,29,5,3,81,125,771,6,8,9,39,4.33,1,0,0,0,,0,1,0,1,,,49,48.7,59.7,56.7,,39,,BrowJa08
164,Keon Coleman,BUF,WR,22,9,6,0,0,0,0,0,0,0,,0,49,32,330,10.31,3,1,1,3,,,49,81.0,85.0,65.0,,55,,ColeKe02
165,Josh Downs,IND,WR,24,10,6,0,0,0,0,0,0,0,,0,54,38,326,8.58,3,1,1,3,,,49,86.6,90.6,67.6,,56,,DownJo00
166,Isiah Pacheco,KAN,RB,26,8,8,0,0,0,0,0,78,329,4.22,1,17,11,43,3.91,1,0,0,2,,,49,60.2,63.2,54.7,,49,,PachIs00
167,Kendrick Bourne,SFO,WR,30,11,7,0,0,0,0,0,0,0,,0,42,31,482,15.55,0,0,0,0,,,48,79.2,82.2,63.7,,57,,BourKe00
168,Xavier Legette,CAR,WR,24,10,10,0,0,0,0,0,1,0,0.00,0,51,27,286,10.59,3,1,0,3,,,47,73.6,76.6,60.1,,61,,LegeXa00
169,Jalen Nailor,MIN,WR,26,11,6,0,0,0,0,0,1,15,15.00,0,38,20,318,15.90,2,0,0,2,1,,47,67.3,70.3,57.3,,58,,NailJa00
170,David Njoku,CLE,TE,29,10,9,0,0,0,0,0,0,0,,0,45,30,288,9.60,3,0,0,3,,,47,76.8,79.8,61.8,,23,,NjokDa00
171,Chris Rodriguez,WAS,RB,25,9,4,0,0,0,0,0,60,279,4.65,3,1,1,6,6.00,0,0,0,3,,,47,47.5,50.5,47.0,,50,,RodrCh00
172,Jake Tonges,SFO,TE,26,12,1,0,0,0,0,0,0,0,,0,35,26,226,8.69,4,0,0,4,,,47,72.6,75.6,59.6,,24,,TongJa00
173,Malik Washington,MIA,WR,24,11,3,0,0,0,0,0,13,78,6.00,0,47,33,234,7.09,2,1,1,3,,,47,80.2,84.2,63.7,,60,,WashMa00
174,Xavier Worthy,KAN,WR,22,9,9,0,0,0,0,0,7,73,10.43,0,53,31,340,10.97,1,0,0,1,,,47,78.3,81.3,62.8,,59,,WortXa00
175,Xavier Hutchinson,HOU,WR,25,11,4,0,0,0,0,0,2,14,7.00,0,34,24,264,11.00,3,0,0,3,,,46,69.8,72.8,57.8,,62,,HutcXa00
176,Elic Ayomanor,TEN,WR,22,10,9,0,0,0,0,0,0,0,,0,59,28,334,11.93,2,0,0,2,,,45,73.4,76.4,59.4,,63,,AyomEl00
177,Greg Dortch,ARI,WR,27,11,3,0,0,0,0,0,7,15,2.14,1,31,27,192,7.11,3,1,0,4,,,45,71.7,74.7,58.2,,65,,DortGr01
178,Cooper Kupp,SEA,WR,32,10,10,0,1,0,0,1,0,0,,0,46,31,414,13.35,1,0,0,1,,,45,76.4,80.4,61.9,,64,,KuppCo00
179,Devin Singletary,NYG,RB,28,12,1,0,0,0,0,0,74,238,3.22,2,10,9,92,10.22,0,0,0,2,,,45,54.0,57.0,49.5,,51,,SingDe00
180,Justice Hill,BAL,RB,28,10,0,0,0,0,0,0,18,93,5.17,2,27,21,169,8.05,1,1,0,3,,,44,65.2,68.2,54.7,,52,,HillJu00
181,Jerry Jeudy,CLE,WR,26,11,11,0,0,0,0,0,0,0,,0,76,32,395,12.34,1,1,1,1,,,44,75.5,79.5,59.5,,66,,JeudJe00
182,Brian Robinson Jr.,SFO,RB,26,12,0,0,0,0,0,0,64,302,4.72,2,10,7,19,2.71,0,0,0,2,,,44,51.1,54.1,47.6,,53,,RobiBr01
183,T.J. Hockenson,MIN,TE,28,11,11,0,0,0,0,0,1,0,0.00,0,51,38,299,7.87,2,0,0,2,,,42,79.9,82.9,60.9,,25,,HockTJ00
184,Sterling Shepard,TAM,WR,32,11,1,0,0,0,0,0,4,19,4.75,0,50,37,361,9.76,1,1,1,1,,,42,79.0,83.0,60.5,,67,,ShepSt00
185,Jameis Winston,NYG,QB,31,2,2,37,65,567,2,2,7,23,3.29,1,1,1,33,33.00,1,1,1,2,,,42,43.3,49.3,44.8,,40,,WinsJa00
186,Blake Corum,LAR,RB,25,11,0,0,0,0,0,0,82,341,4.16,1,10,5,10,2.00,0,0,0,1,,,41,46.1,49.1,43.6,,54,,CoruBl00
187,Noah Fant,CIN,TE,28,10,5,0,0,0,0,0,0,0,,0,35,31,265,8.55,3,2,2,3,,,41,71.5,76.5,56.0,,26,,FantNo00
188,Calvin Austin III,PIT,WR,26,9,7,0,0,0,0,0,0,0,,0,42,26,278,10.69,2,0,0,2,,,40,65.8,68.8,52.8,,70,,AustCa00
189,Luke McCaffrey,WAS,WR,24,9,0,0,0,0,0,0,0,0,,0,15,11,203,18.45,3,0,0,3,1,,40,51.3,54.3,45.8,,68,,McCaLu00
190,Cade Otton,TAM,TE,26,11,11,0,0,0,0,0,0,0,,0,60,41,402,9.80,0,0,0,0,,,40,81.2,84.2,60.7,,27,,OttoCa00
191,Dylan Sampson,CLE,RB,21,11,1,0,0,0,0,0,38,89,2.34,0,28,23,195,8.48,2,0,0,2,,,40,63.4,66.4,51.9,,55,,SampDy00
192,Tyler Shough,NOR,QB,26,5,3,81,126,829,3,3,15,33,2.20,0,0,0,0,,0,1,1,0,,,40,40.5,47.5,43.5,,41,,ShouTy00
193,Tyrod Taylor,NYJ,QB,36,4,2,60,97,601,4,4,19,99,5.21,0,0,0,0,,0,1,1,0,,,40,39.9,47.9,43.9,,42,,TaylTy00
194,Christian Watson,GNB,WR,26,5,5,0,0,0,0,0,0,0,,0,24,17,283,16.65,2,0,0,2,,,40,57.3,60.3,48.8,,69,,WatsCh00
195,Andrei Iosivas,CIN,WR,26,11,5,0,0,0,0,0,3,14,4.67,0,42,23,317,13.78,1,0,0,1,,,39,62.1,65.1,50.6,,71,,IosiAn00
196,Jeremy McNichols,WAS,RB,30,11,0,0,0,0,0,0,26,181,6.96,1,20,15,149,9.93,0,0,0,1,,,39,54.0,60.0,46.5,,56,,McNiJe00
197,Marvin Mims,DEN,WR,23,9,2,0,0,0,0,0,8,56,7.00,1,32,22,234,10.64,1,2,1,2,,,39,61.0,65.0,50.0,,73,,MimsMa00
198,Malik Nabers,NYG,WR,22,4,4,0,0,0,0,0,0,0,,0,35,18,271,15.06,2,0,0,2,,,39,57.1,60.1,48.1,,72,,NabeMa00
199,Luther Burden,CHI,WR,22,10,1,0,0,0,0,0,3,21,7.00,0,28,22,295,13.41,1,0,0,1,,,38,59.6,62.6,48.6,,74,,BurdLu00
200,Chigoziem Okonkwo,TEN,TE,26,11,8,0,0,0,0,0,0,0,,0,46,35,377,10.77,0,0,0,0,,,38,72.7,75.7,55.2,,28,,OkonCh00
201,Mason Taylor,NYJ,TE,21,11,10,0,0,0,0,0,0,0,,0,53,37,297,8.03,1,0,0,1,1,,38,74.7,77.7,56.2,,29,,TaylMa02
202,Ollie Gordon,MIA,RB,21,11,1,0,0,0,0,0,50,164,3.28,2,8,6,30,5.00,1,0,0,3,,,37,43.4,46.4,40.4,,57,,GordOl00
203,Ty Johnson,BUF,RB,28,11,0,0,0,0,0,0,21,90,4.29,1,16,11,161,14.64,1,1,0,2,,,37,48.1,51.1,42.6,,58,,JohnTy02
204,Tyjae Spears,TEN,RB,24,7,0,0,0,0,0,0,37,159,4.30,1,24,22,148,6.73,0,0,0,1,,,37,58.7,64.7,47.7,,59,,SpeaTy00
205,Travis Hunter,JAX,WR,22,7,4,0,0,0,0,0,1,0,0.00,0,45,28,298,10.64,1,1,0,1,,,36,63.8,66.8,49.8,,76,,HuntTr00
206,Darnell Mooney,ATL,WR,28,9,9,0,0,0,0,0,0,0,,0,45,19,298,15.68,1,1,0,1,,,36,54.8,57.8,45.3,,77,,MoonDa00
207,JuJu Smith-Schuster,KAN,WR,29,11,7,0,0,0,0,0,0,0,,0,32,26,299,11.50,1,0,0,1,,,36,61.9,64.9,48.9,,75,,SmitJu00
208,Darren Waller,MIA,TE,33,4,1,0,0,0,0,0,0,0,,0,12,10,117,11.70,4,0,0,4,,,36,45.7,48.7,40.7,,30,,WallDa01
209,Emari Demercado,ARI,RB,26,9,0,0,0,0,0,0,31,241,7.77,0,12,8,64,8.00,1,1,1,1,,,35,42.5,46.5,38.5,,60,,DemeEm00
210,Ryan Flournoy,DAL,WR,26,11,2,0,0,0,0,0,4,25,6.25,0,26,17,200,11.76,2,0,0,2,,,35,51.5,54.5,43.0,,80,,FlouRy00
211,DeAndre Hopkins,BAL,WR,33,11,3,0,0,0,0,0,0,0,,0,26,15,232,15.47,2,0,0,2,,,35,50.2,53.2,42.7,,78,,HopkDe00
212,Darius Slayton,NYG,WR,28,9,8,0,0,0,0,0,0,0,,0,36,24,366,15.25,0,1,1,0,,,35,58.6,62.6,46.6,,79,,SlayDa01
213,Olamide Zaccheaus,CHI,WR,28,11,3,0,0,0,0,0,4,25,6.25,0,51,33,254,7.70,1,0,0,1,,,34,66.9,69.9,50.4,,81,,ZaccOl01
214,Rashod Bateman,BAL,WR,26,9,8,0,0,0,0,0,0,0,,0,31,16,194,12.13,2,0,0,2,1,,33,49.4,52.4,41.4,,82,,BateRa00
215,Evan Engram,DEN,TE,31,10,1,0,0,0,0,0,1,7,7.00,0,50,32,260,8.13,1,0,0,1,,,33,64.7,67.7,48.7,,31,,EngrEv00
216,Matthew Golden,GNB,WR,22,9,4,0,0,0,0,0,8,45,5.63,0,32,24,286,11.92,0,0,0,0,,,33,57.1,60.1,45.1,,83,,GoldMa02
217,Gunnar Helm,TEN,TE,23,11,6,0,0,0,0,0,0,0,,0,37,30,267,8.90,1,0,0,1,,,33,62.7,65.7,47.7,,32,,HelmGu00
218,Tyreek Hill,MIA,WR,31,4,4,0,0,0,0,0,0,0,,0,29,21,265,12.62,1,0,0,1,,,33,53.5,56.5,43.0,,85,,HillTy00
219,Ricky Pearsall,SFO,WR,25,6,6,0,0,0,0,0,2,-2,-1.00,0,35,23,333,14.48,0,0,0,0,,,33,56.1,59.1,44.6,,84,,PearRi00
220,Michael Carter,ARI,RB,26,7,2,0,0,0,0,0,45,135,3.00,1,22,17,129,7.59,0,0,0,1,,,32,49.4,55.4,40.9,,61,,CartMi03
221,Colby Parkinson,LAR,TE,26,9,4,0,0,0,0,0,0,0,,0,21,19,164,8.63,3,1,1,3,,,32,51.4,55.4,41.9,,33,,ParkCo02
222,Jonnu Smith,PIT,TE,30,11,4,0,0,0,0,0,3,17,5.67,0,41,29,184,6.34,2,1,0,2,,,32,61.1,64.1,46.6,,34,,SmitJo01
223,Davis Allen,LAR,TE,24,11,1,0,0,0,0,0,0,0,,0,20,16,133,8.31,3,0,0,3,,,31,47.3,50.3,39.3,,35,,AlleDa02
224,Dyami Brown,JAX,WR,26,10,6,0,0,0,0,0,5,26,5.20,0,36,19,219,11.53,1,0,0,1,,,31,49.5,52.5,40.0,,86,,BrowDy00
225,Tyler Higbee,LAR,TE,32,9,7,0,0,0,0,0,0,0,,0,30,20,190,9.50,2,0,0,2,,,31,51.0,54.0,41.0,,37,,HigbTy00
226,Darnell Washington,PIT,TE,24,11,8,0,0,0,0,0,0,0,,0,28,20,231,11.55,1,1,0,1,1,,31,51.1,54.1,41.1,,36,,WashDa03
227,Calvin Ridley,TEN,WR,31,7,6,0,0,0,0,0,0,0,,0,36,17,303,17.82,0,0,0,0,,,30,47.3,50.3,38.8,,87,,RidlCa00
228,Brenton Strange,JAX,TE,25,6,6,0,0,0,0,0,0,0,,0,29,25,297,11.88,0,0,0,0,,,30,54.7,57.7,42.2,,38,,StraBr00
229,KaVontae Turpin,DAL,WR,29,9,2,0,0,0,0,0,9,30,3.33,0,26,17,232,13.65,1,1,1,1,,,30,47.2,51.2,38.7,,88,,TurpKa00
230,Pat Bryant,DEN,WR,23,11,5,0,0,0,0,0,0,0,,0,25,15,231,15.40,1,0,0,1,,,29,44.1,47.1,36.6,,90,,BryaPa00
231,Cedric Tillman,CLE,WR,25,7,6,0,0,0,0,0,0,0,,0,31,17,174,10.24,2,0,0,2,,,29,46.4,49.4,37.9,,89,,TillCe01
232,Isaiah Davis,NYJ,RB,23,11,0,0,0,0,0,0,26,137,5.27,0,21,15,118,7.87,0,0,0,0,1,,28,42.5,48.5,35.0,,63,,DaviIs00
233,Kendre Miller,NOR,RB,23,7,0,0,0,0,0,0,47,193,4.11,1,5,5,30,6.00,0,0,0,1,,,28,33.3,36.3,30.8,,62,,MillKe01
234,Jaylin Noel,HOU,WR,23,11,3,0,0,0,0,0,4,9,2.25,0,27,20,213,10.65,1,0,0,1,,,28,48.2,51.2,38.2,,91,,NoelJa00
235,Austin Hooper,NWE,TE,31,11,6,0,0,0,0,0,0,0,,0,19,16,213,13.31,1,0,0,1,,,27,43.3,46.3,35.3,,39,,HoopAu00
236,Jaylin Lane,WAS,WR,23,11,3,0,0,0,0,0,1,7,7.00,0,30,16,225,14.06,0,3,1,1,,,27,43.2,47.2,35.2,,92,,LaneJa00
237,Tyler Lockett,2TM,WR,33,11,1,0,0,0,0,0,0,0,,0,36,22,209,9.50,0,0,0,1,,,27,48.9,51.9,37.9,,94,,LockTy00
238,Josh Palmer,BUF,WR,26,8,5,0,0,0,0,0,0,0,,0,29,18,272,15.11,0,0,0,0,,,27,45.2,48.2,36.2,,93,,PalmJo00
239,Samaje Perine,CIN,RB,30,9,0,0,0,0,0,0,32,198,6.19,1,9,7,30,4.29,0,1,1,1,,,27,33.8,37.8,30.3,,64,,PeriSa00
240,Roman Wilson,PIT,WR,24,11,3,0,0,0,0,0,0,0,,0,19,12,166,13.83,2,1,1,2,,,27,38.6,42.6,32.6,,95,,WilsRo02
241,Daniel Bellinger,NYG,TE,25,11,7,0,0,0,0,0,0,0,,0,17,12,202,16.83,1,0,0,1,,,26,38.2,41.2,32.2,,40,,BellDa00
242,Jackson Hawes,BUF,TE,25,11,5,0,0,0,0,0,0,0,,0,13,10,139,13.90,2,0,0,2,,,26,35.9,38.9,30.9,,41,,HaweJa00
243,Van Jefferson,TEN,WR,29,11,3,0,0,0,0,0,0,0,,0,34,18,200,11.11,1,0,0,1,,,26,44.0,47.0,35.0,,98,,JeffVa00
244,Christian Kirk,HOU,WR,29,7,2,0,0,0,0,0,0,0,,0,37,21,198,9.43,1,0,0,1,,,26,46.8,49.8,36.3,,99,,KirkCh01
245,Cole Kmet,CHI,TE,26,10,9,0,1,0,0,0,0,0,,0,29,17,195,11.47,1,0,0,1,,,26,42.5,45.5,34.0,,42,,KmetCo00
246,Dawson Knox,BUF,TE,29,11,8,0,0,0,0,0,0,0,,0,25,16,195,12.19,1,0,0,1,,,26,41.5,44.5,33.5,,43,,KnoxDa00
247,Terry McLaurin,WAS,WR,30,4,4,0,0,0,0,0,0,0,,0,21,13,203,15.62,1,0,0,1,,,26,39.3,42.3,32.8,,96,,McLaTe00
248,Chris Moore,WAS,WR,32,10,5,0,0,0,0,0,1,9,9.00,0,22,10,192,19.20,1,0,0,1,,,26,36.1,39.1,31.1,,97,,MoorCh00
249,James Conner,ARI,RB,30,3,3,0,0,0,0,0,32,95,2.97,1,9,8,38,4.75,1,1,0,2,,,25,33.3,33.3,29.3,,65,,ConnJa00
250,Kirk Cousins,ATL,QB,37,4,2,48,75,449,2,1,5,9,1.80,0,0,0,0,,0,1,0,0,,,25,24.9,28.9,25.9,,43,,CousKi00
251,Jahan Dotson,PHI,WR,25,11,5,0,0,0,0,0,0,0,,0,18,10,194,19.40,1,0,0,1,,,25,35.4,38.4,30.4,,100,,DotsJa00
252,Tyler Johnson,NYJ,WR,27,9,5,0,0,0,0,0,0,0,,0,16,10,187,18.70,1,0,0,1,,,25,34.7,37.7,29.7,,102,,JohnTy00
253,Brashard Smith,KAN,RB,22,11,0,0,0,0,0,0,29,87,3.00,0,26,19,161,8.47,0,1,0,0,,,25,43.8,46.8,34.3,,66,,SmitBr09
254,Jalen Tolbert,DAL,WR,26,10,6,0,0,0,0,0,0,0,,0,25,14,172,12.29,1,0,0,1,1,,25,39.2,42.2,32.2,,101,,TolbJa00
255,Mitchell Evans,CAR,TE,22,12,5,0,0,0,0,0,0,0,,0,15,11,118,10.73,2,0,0,2,,,24,34.8,37.8,29.3,,46,,EvanMi01
256,Michael Mayer,LVR,TE,24,9,9,0,0,0,0,0,0,0,,0,32,22,182,8.27,1,0,0,1,,,24,46.2,49.2,35.2,,45,,MayeMi00
257,John Metchie,2TM,WR,25,10,1,0,0,0,0,0,1,-7,-7.00,0,15,14,131,9.36,2,0,0,2,,,24,38.4,41.4,31.4,,103,,MetcJo00
258,Tommy Tremble,CAR,TE,25,12,11,0,0,0,0,0,0,0,,0,25,19,184,9.68,1,0,0,1,,,24,43.4,46.4,33.9,,44,,TremTo00
259,Tyler Huntley,BAL,QB,27,2,1,27,37,254,1,0,11,92,8.36,0,0,0,0,,0,0,0,0,,,23,23.4,23.4,23.4,,44,,HuntTy01
260,Kalif Raymond,DET,WR,31,11,3,0,0,0,0,0,2,19,9.50,0,19,15,150,10.00,0,0,0,1,,,23,37.9,40.9,30.4,,105,,RaymKa00
261,Tyrell Shavers,BUF,WR,26,11,4,0,0,0,0,0,0,0,,0,17,11,172,15.64,1,0,0,1,,,23,34.2,37.2,28.7,,104,,ShavTy00
262,Brock Wright,DET,TE,27,11,8,0,0,0,0,0,0,0,,0,22,14,108,7.71,2,0,0,2,,,23,36.8,39.8,29.8,,47,,WrigBr01
263,Elijah Arroyo,SEA,TE,22,11,3,0,0,0,0,0,0,0,,0,23,15,179,11.93,1,1,1,1,,,22,36.9,40.9,29.4,,48,,ArroEl00
264,Tutu Atwell,LAR,WR,26,6,4,0,0,0,0,0,0,0,,0,9,4,164,41.00,1,0,0,1,,,22,26.4,29.4,24.4,,106,,AtweTu00
265,Trey Benson,ARI,RB,23,4,1,0,0,0,0,0,29,160,5.52,0,16,13,64,4.92,0,0,0,0,,,22,35.4,38.4,28.9,,67,,BensTr01
266,Kyle Juszczyk,SFO,FB,34,12,12,0,0,0,0,0,2,-3,-1.50,0,21,18,160,8.89,1,0,0,1,,,22,39.7,42.7,30.7,,68,,JuszKy00
267,Antonio Gibson,NWE,RB,27,5,0,0,0,0,0,0,25,106,4.24,1,3,2,6,3.00,0,2,1,2,,,21,23.2,27.2,22.2,,69,,GibsAn00
268,Charlie Kolar,BAL,TE,26,11,4,0,0,0,0,0,0,0,,0,11,7,88,12.57,2,0,0,2,,,21,27.8,27.8,24.3,,49,,KolaCh00
269,Hunter Long,JAX,TE,27,8,3,0,0,0,0,0,0,0,,0,17,12,85,7.08,2,1,0,2,,,21,32.5,32.5,26.5,,50,,LongHu00
270,Hunter Renfrow,CAR,WR,30,6,2,0,0,0,0,0,0,0,,0,26,15,89,5.93,2,0,0,2,,,21,35.9,35.9,28.4,,109,,RenfHu00
271,Devontez Walker,BAL,WR,24,7,1,0,0,0,0,0,0,0,,0,4,4,90,22.50,2,0,0,2,,,21,25.0,25.0,23.0,,108,,WalkDe01
272,Dontayvion Wicks,GNB,WR,24,9,6,0,0,0,0,0,0,0,,0,34,20,213,10.65,0,0,0,0,,,21,41.3,44.3,31.3,,107,,WickDo00
273,Isaiah Bond,CLE,WR,21,10,2,0,0,0,0,0,2,17,8.50,0,33,13,181,13.92,0,0,0,0,,,20,32.8,35.8,26.3,,112,,BondIs00
274,Mike Evans,TAM,WR,32,4,4,0,0,0,0,0,0,0,,0,32,14,140,10.00,1,0,0,1,,,20,34.0,37.0,27.0,,111,,EvanMi00
275,Terrance Ferguson,LAR,TE,22,9,1,0,0,0,0,0,1,0,0.00,0,12,5,138,27.60,1,0,0,1,,,20,24.8,27.8,22.3,,51,,FergTe00
276,Tre Harris,LAC,WR,23,11,5,0,0,0,0,0,0,0,,0,20,16,137,8.56,1,0,0,1,,,20,35.7,38.7,27.7,,114,,HarrTr03
277,Elijah Moore,BUF,WR,25,9,2,0,0,0,0,0,6,24,4.00,1,17,9,112,12.44,0,0,0,1,,,20,28.6,31.6,24.1,,115,,MoorEl00
278,Tim Patrick,JAX,WR,32,10,2,0,0,0,0,0,0,0,,0,14,7,83,11.86,2,0,0,2,,,20,27.3,27.3,23.8,,110,,PatrTi00
279,Mitchell Tinsley,CIN,WR,26,11,1,0,0,0,0,0,0,0,,0,12,5,78,15.60,2,0,0,2,,,20,24.8,24.8,22.3,,113,,TinsMi00
280,Luke Farrell,SFO,TE,28,12,4,0,0,0,0,0,0,0,,0,13,11,85,7.73,2,1,1,2,,,19,29.5,30.5,24.0,,52,,FarrLu00
281,Miles Sanders,DAL,RB,28,4,0,0,0,0,0,0,20,117,5.85,1,8,8,30,3.75,0,1,1,1,,,19,26.7,30.7,22.7,,70,,SandMi01
282,Isaac TeSlaa,DET,WR,23,11,1,0,0,0,0,0,0,0,,0,9,4,65,16.25,2,0,0,2,,,19,22.5,22.5,20.5,,116,,TeSlIs00
283,Tank Bigsby,2TM,RB,24,11,0,0,0,0,0,0,23,176,7.65,0,1,1,-1,-1.00,0,0,0,0,,,18,18.5,21.5,18.0,,74,,BigsTa00
284,Ray Davis,BUF,RB,26,11,0,0,0,0,0,0,24,44,1.83,0,7,4,18,4.50,1,0,0,2,,,18,22.2,22.2,20.2,,71,,DaviRa04
285,Zay Jones,ARI,WR,30,8,0,0,0,0,0,0,0,0,,0,18,12,183,15.25,0,0,0,0,,,18,30.3,33.3,24.3,,118,,JoneZa00
286,Adonai Mitchell,2TM,WR,23,10,1,0,0,0,0,0,0,0,,0,29,12,204,17.00,0,1,1,0,,,18,30.4,34.4,24.4,,117,,MitcAd00
287,Keaton Mitchell,BAL,RB,23,7,0,0,0,0,0,0,23,134,5.83,0,6,5,44,8.80,0,1,0,0,,,18,22.8,25.8,20.3,,73,,MitcKe01
288,Josh Oliver,MIN,TE,28,9,3,0,0,0,0,0,0,0,,0,9,7,62,8.86,2,0,0,2,,,18,25.2,25.2,21.7,,53,,OlivJo00
289,Demarcus Robinson,SFO,WR,31,9,1,0,0,0,0,0,0,0,,0,24,13,163,12.54,0,0,0,0,1,,18,31.3,34.3,24.8,,119,,RobiDe01
290,Jeremy Ruckert,NYJ,TE,25,11,9,0,0,0,0,0,0,0,,0,16,14,119,8.50,1,0,0,1,,,18,31.9,34.9,24.9,,54,,RuckJe00
291,Ja'Tavion Sanders,CAR,TE,22,9,3,0,0,0,0,0,0,0,,0,30,25,176,7.04,0,0,0,0,,,18,42.6,45.6,30.1,,55,,SandJa01
292,Zavier Scott,MIN,RB,26,10,0,0,0,0,0,0,21,69,3.29,0,12,10,73,7.30,1,2,1,1,,,18,28.2,29.2,23.2,,72,,ScotZa00
293,Jalen Coker,CAR,WR,24,6,2,0,0,0,0,0,0,0,,0,19,14,150,10.71,0,0,0,0,1,,17,31.0,34.0,24.0,,120,,CokeJa01
294,Brandin Cooks,NOR,WR,32,10,3,0,0,0,0,0,0,0,,0,25,19,165,8.68,0,0,0,0,,,17,35.5,38.5,26.0,,122,,CookBr00
295,Mason Rudolph,PIT,QB,30,4,1,38,49,310,2,1,7,6,0.86,0,0,0,0,,0,1,1,0,,,17,17.0,22.0,18.0,,45,,RudoMa00
296,Kyle Williams,NWE,WR,23,12,0,0,0,0,0,0,1,-2,-2.00,0,12,4,110,27.50,1,0,0,1,,,17,20.8,23.8,18.8,,121,,WillKy03
297,Joe Burrow,CIN,QB,29,2,2,21,36,189,2,0,2,3,1.50,0,0,0,0,,0,0,0,0,,,16,15.9,15.9,15.9,,46,,BurrJo01
298,Isaiah Hodgins,NYG,WR,27,2,1,0,0,0,0,0,0,0,,0,12,7,99,14.14,1,0,0,1,,,16,22.9,22.9,19.4,,123,,HodgIs00
299,Raheem Mostert,LVR,RB,33,8,0,0,0,0,0,0,20,92,4.60,0,9,9,63,7.00,0,0,0,0,,,16,24.5,24.5,20.0,,75,,MostRa00
300,Jordan Whittington,LAR,WR,25,11,6,0,0,0,0,0,3,12,4.00,0,21,16,147,9.19,0,0,0,0,,,16,31.9,34.9,23.9,,124,,WhitJo04
301,Ashton Dulin,IND,WR,28,10,2,0,0,0,0,0,3,44,14.67,0,8,5,106,21.20,0,0,0,0,,,15,20.0,23.0,17.5,,126,,DuliAs00
302,Jerome Ford,CLE,RB,26,11,0,0,0,0,0,0,24,73,3.04,0,26,21,76,3.62,0,0,0,0,,,15,35.9,35.9,25.4,,76,,FordJe00
303,Taysom Hill,NOR,TE,35,7,1,1,5,19,0,0,32,69,2.16,1,4,3,18,6.00,0,1,0,1,,,15,18.5,18.5,17.0,,56,,HillTa00
304,Tanner Hudson,CIN,TE,31,9,1,0,0,0,0,0,0,0,,0,13,11,92,8.36,1,0,0,1,,,15,26.2,26.2,20.7,,58,,HudsTa00
305,Adam Trautman,DEN,TE,28,11,8,0,0,0,0,0,0,0,,0,12,11,93,8.45,1,0,0,1,,,15,26.3,26.3,20.8,,57,,TrauAd00
306,Devaughn Vele,NOR,WR,28,10,5,0,0,0,0,0,0,0,,0,20,9,91,10.11,1,0,0,1,,,15,24.1,24.1,19.6,,125,,VeleDe00
307,Savion Williams,GNB,WR,24,11,0,0,0,0,0,0,9,28,3.11,0,10,10,78,7.80,1,1,1,1,,,15,24.6,25.6,19.6,,127,,WillSa01
308,Elijah Higgins,ARI,TE,25,11,5,0,0,0,0,0,0,0,,0,20,16,162,10.13,0,1,1,0,,,14,30.2,34.2,22.2,,59,,HiggEl00
309,Terrell Jennings,NWE,RB,24,6,0,0,0,0,0,0,23,73,3.17,1,1,1,9,9.00,0,0,0,1,,,14,15.2,15.2,14.7,,77,,JennTe00
310,Kameron Johnson,TAM,WR,23,11,0,0,0,0,0,0,2,13,6.50,0,6,4,64,16.00,1,0,0,1,,,14,17.7,17.7,15.7,,130,,JohnKa01
311,Hunter Luepke,DAL,RB,25,11,2,0,0,0,0,0,3,13,4.33,0,9,8,63,7.88,1,0,0,1,,,14,21.6,21.6,17.6,,78,,LuepHu00
312,Gunner Olszewski,NYG,WR,29,12,0,1,1,33,1,0,0,0,,0,3,1,24,24.00,1,0,0,1,,,14,14.7,14.7,14.2,,129,,OlszGu00
313,Curtis Samuel,BUF,WR,29,6,0,0,0,0,0,0,0,0,,0,9,7,81,11.57,1,0,0,1,,,14,21.1,21.1,17.6,,128,,SamuCu00
314,Ameer Abdullah,IND,RB,32,7,0,0,0,0,0,0,8,40,5.00,1,6,5,30,6.00,0,0,0,1,,,13,18.0,18.0,15.5,,80,,AbduAm00
315,Braelon Allen,NYJ,RB,21,4,0,0,0,0,0,0,18,76,4.22,1,3,2,17,8.50,0,1,1,1,,,13,15.3,16.3,14.3,,79,,AlleBr05
316,Noah Gray,KAN,TE,26,11,5,0,0,0,0,0,0,0,,0,28,16,132,8.25,0,0,0,0,,,13,29.2,32.2,21.2,,60,,GrayNo00
317,George Holani,SEA,RB,26,11,0,0,0,0,0,0,22,73,3.32,1,2,2,15,7.50,0,1,1,1,,,13,14.8,15.8,13.8,,81,,HolaGe00
318,Isaiah Likely,BAL,TE,25,8,5,0,0,0,0,0,0,0,,0,19,13,128,9.85,0,1,0,0,,,13,25.8,28.8,19.3,,61,,LikeIs00
319,Devin Neal,NOR,RB,22,7,0,0,0,0,0,0,17,61,3.59,0,14,12,64,5.33,0,0,0,0,,,13,24.5,24.5,18.5,,82,,NealDe00
320,Brycen Tremayne,CAR,WR,26,11,1,0,0,0,0,0,0,0,,0,15,12,133,11.08,0,1,0,0,,,13,25.3,28.3,19.3,,131,,TremBr00
321,Jimmy Horn,CAR,WR,23,8,0,0,0,0,0,0,7,44,6.29,0,11,7,77,11.00,0,0,0,0,,,12,19.1,19.1,15.6,,132,,HornJi00
322,Luke Musgrave,GNB,TE,25,11,6,0,0,0,0,0,0,0,,0,17,14,117,8.36,0,1,0,0,,,12,25.7,28.7,18.7,,62,,MusgLu00
323,Josh Reynolds,NYJ,WR,30,5,3,0,0,0,0,0,0,0,,0,21,11,101,9.18,0,0,0,0,1,,12,23.1,26.1,17.6,,133,,ReynJo00
324,Shedeur Sanders,CLE,QB,23,2,1,15,36,256,1,2,4,15,3.75,0,0,0,0,,0,1,0,0,,,12,11.7,13.7,13.7,,47,,SandSh00
325,Ben Skowronek,PIT,WR,28,11,3,0,0,0,0,0,0,0,,0,4,3,56,18.67,1,0,0,1,,,12,14.6,14.6,13.1,,135,,SkowBe00
326,Cody White,SEA,WR,27,5,0,0,0,0,0,0,0,0,,0,2,1,60,60.00,1,0,0,1,,,12,13.0,13.0,12.5,,134,,WhitCo05
327,Nate Adkins,DEN,TE,26,6,3,0,0,0,0,0,0,0,,0,10,6,48,8.00,1,0,0,1,,,11,16.8,16.8,13.8,,64,,AdkiNa00
328,LeQuint Allen,JAX,RB,21,11,0,0,0,0,0,0,14,70,5.00,0,8,7,41,5.86,0,0,0,0,,,11,18.1,18.1,14.6,,83,,AlleLe01
329,Julian Hill,MIA,TE,25,8,8,0,0,0,0,0,0,0,,0,14,11,91,8.27,0,0,0,0,1,,11,22.1,22.1,16.6,,63,,HillJu02
330,Allen Lazard,NYJ,WR,30,7,2,0,0,0,0,0,0,0,,0,14,8,54,6.75,1,0,0,1,,,11,19.4,19.4,15.4,,136,,LazaAl00
331,Jayden Reed,GNB,WR,25,2,1,0,0,0,0,0,0,0,,0,5,3,45,15.00,1,0,0,1,,,11,13.5,13.5,12.0,,141,,ReedJa03
332,David Sills V,ATL,WR,29,11,1,0,0,0,0,0,0,0,,0,12,6,50,8.33,1,0,0,1,,,11,17.0,17.0,14.0,,138,,SillDa01
333,Dont'e Thornton,LVR,WR,23,10,6,0,0,0,0,0,0,0,,0,23,7,112,16.00,0,0,0,0,,,11,18.2,21.2,14.7,,137,,ThorDo00
334,Jamari Thrash,CLE,WR,25,9,1,0,0,0,0,0,0,0,,0,15,10,107,10.70,0,0,0,0,,,11,20.7,23.7,15.7,,139,,ThraJa01
335,Tylan Wallace,BAL,WR,26,11,2,0,0,0,0,0,0,0,,0,8,4,45,11.25,1,0,0,1,,,11,14.5,14.5,12.5,,142,,WallTy00
336,Isaiah Williams,NYJ,WR,24,9,0,0,1,0,0,0,2,29,14.50,0,9,5,37,7.40,0,1,1,1,,,11,15.6,16.6,13.1,,140,,WillIs03
337,Tyler Badie,DEN,RB,25,10,0,0,0,0,0,0,2,9,4.50,0,19,11,87,7.91,0,0,0,0,,,10,20.6,20.6,15.1,,85,,BadiTy00
338,Brittain Brown,CHI,RB,28,2,0,0,0,0,0,0,5,37,7.40,1,1,0,0,,0,0,0,1,,,10,9.7,9.7,9.7,,84,,BrowBr06
339,Tyler Conklin,LAC,TE,30,11,5,0,0,0,0,0,1,2,2.00,0,9,6,95,15.83,0,1,0,0,,,10,15.7,15.7,12.7,,66,,ConkTy00
340,Malachi Corley,CLE,WR,23,7,2,0,0,0,0,0,5,68,13.60,0,6,5,34,6.80,0,0,0,0,,,10,15.2,15.2,12.7,,143,,CorlMa00
341,Andy Dalton,CAR,QB,38,4,1,25,37,293,1,1,5,-2,-0.40,0,0,0,0,,0,2,2,0,,,10,9.5,12.5,10.5,,48,,DaltAn00
342,John FitzPatrick,GNB,TE,25,11,2,0,0,0,0,0,0,0,,0,7,7,40,5.71,1,0,0,1,,,10,17.0,17.0,13.5,,65,,FitzJo00
343,Mike Gesicki,CIN,TE,30,7,1,0,0,0,0,0,0,0,,0,22,12,96,8.00,0,0,0,0,,,10,21.6,21.6,15.6,,67,,GesiMi00
344,Konata Mumpfield,LAR,WR,23,11,0,0,0,0,0,0,0,0,,0,7,4,37,9.25,1,0,0,1,,,10,13.7,13.7,11.7,,144,,MumpKo00
345,Johnny Mundt,JAX,TE,31,11,6,0,0,0,0,0,0,0,,0,17,8,95,11.88,0,0,0,0,,,10,17.5,17.5,13.5,,68,,MundJo00
346,Jack Stoll,NOR,TE,27,10,2,0,0,0,0,0,0,0,,0,7,4,35,8.75,1,0,0,1,,,10,13.5,13.5,11.5,,69,,StolJa00
347,Jack Bech,LVR,WR,23,11,2,0,0,0,0,0,0,0,,0,12,8,92,11.50,0,0,0,0,,,9,17.2,17.2,13.2,,147,,BechJa00
348,Andrew Beck,NYJ,FB,29,11,0,0,0,0,0,0,0,0,,0,5,4,26,6.50,1,0,0,1,,,9,12.6,12.6,10.6,,87,,BeckAn01
349,Chris Brooks,GNB,RB,25,11,0,0,0,0,0,0,11,31,2.82,0,10,8,59,7.38,0,0,0,0,,,9,17.0,17.0,13.0,,86,,BrooCh00
350,Tanner Conner,MIA,TE,27,9,0,0,0,0,0,0,0,0,,0,15,9,91,10.11,0,0,0,0,,,9,18.1,18.1,13.6,,71,,ConnTa00
351,Greg Dulcich,MIA,TE,25,4,1,0,0,0,0,0,0,0,,0,13,8,89,11.13,0,0,0,0,,,9,16.9,16.9,12.9,,72,,DulcGr00
352,Najee Harris,LAC,RB,27,3,0,0,0,0,0,0,15,61,4.07,0,3,3,25,8.33,0,0,0,0,,,9,11.6,11.6,10.1,,88,,HarrNa00
353,Malik Heath,GNB,WR,25,10,0,0,0,0,0,0,0,0,,0,6,6,86,14.33,0,0,0,0,,,9,14.6,14.6,11.6,,150,,HeatMa00
354,Connor Heyward,PIT,TE,26,11,1,0,0,0,0,0,5,9,1.80,0,3,2,18,9.00,1,0,0,1,,,9,10.7,10.7,9.7,,74,,HeywCo00
355,Ryan Miller,TAM,WR,25,11,3,0,0,0,0,0,0,0,,0,4,2,34,17.00,1,0,0,1,,,9,11.4,11.4,10.4,,145,,MillRy01
356,Ben Sinnott,WAS,TE,23,10,3,0,0,0,0,0,0,0,,0,3,3,33,11.00,1,0,0,1,,,9,12.3,12.3,10.8,,70,,SinnBe00
357,Xavier Smith,LAR,WR,28,10,1,0,0,0,0,0,0,0,,0,10,7,85,12.14,0,0,0,0,,,9,15.5,15.5,12.0,,151,,SmitXa00
358,Adam Thielen,MIN,WR,35,11,4,0,0,0,0,0,0,0,,0,18,8,69,8.63,0,0,0,0,1,,9,16.9,16.9,12.9,,148,,ThieAd00
359,Ian Thomas,LVR,TE,29,11,6,0,0,0,0,0,0,0,,0,10,10,89,8.90,0,0,0,0,,,9,18.9,18.9,13.9,,73,,ThomIa00
360,Casey Washington,ATL,WR,24,7,2,0,0,0,0,0,0,0,,0,14,6,94,15.67,0,0,0,0,,,9,15.4,15.4,12.4,,146,,WashCa01
361,Nick Westbrook-Ikhine,MIA,WR,28,11,3,0,0,0,0,0,0,0,,0,19,11,89,8.09,0,0,0,0,,,9,19.9,19.9,14.4,,149,,WestNi00
362,Austin Ekeler,WAS,RB,30,2,2,0,0,0,0,0,14,43,3.07,0,7,5,38,7.60,0,0,0,0,,,8,13.1,13.1,10.6,,90,,EkelAu00
363,Trevor Etienne,CAR,RB,21,12,0,0,0,0,0,0,20,94,4.70,0,2,2,9,4.50,0,2,1,0,,,8,10.3,11.3,9.3,,89,,EtieTr01
364,Jaret Patterson,LAC,RB,26,3,0,0,0,0,0,0,21,75,3.57,0,0,0,0,,0,0,0,0,,,8,7.5,7.5,7.5,,91,,PattJa01
365,Drew Sample,CIN,TE,29,11,9,0,0,0,0,0,0,0,,0,10,6,24,4.00,1,0,0,1,,,8,14.4,14.4,11.4,,75,,SampDr00
366,Brevyn Spann-Ford,DAL,TE,26,11,4,0,0,0,0,0,0,0,,0,6,5,22,4.40,1,0,0,1,,,8,13.2,13.2,10.7,,76,,SpanBr00
367,Cam Akers,MIN,RB,26,3,0,1,1,32,1,0,5,19,3.80,0,1,0,0,,0,0,0,0,,,7,7.2,7.2,7.2,,94,,AkerCa00
368,Jaydon Blue,DAL,RB,21,4,0,0,0,0,0,0,22,65,2.95,0,1,1,5,5.00,0,1,0,0,,,7,8.0,8.0,7.5,,95,,BlueJa01
369,Treylon Burks,WAS,WR,25,2,0,0,0,0,0,0,0,0,,0,4,4,72,18.00,0,0,0,0,,,7,11.2,11.2,9.2,,152,,BurkTr00
370,DJ Giddens,IND,RB,22,7,0,0,0,0,0,0,18,66,3.67,0,2,0,0,,0,0,0,0,,,7,6.6,6.6,6.6,,97,,GiddDJ00
371,Kaleb Johnson,PIT,RB,22,7,0,0,0,0,0,0,22,58,2.64,0,2,1,9,9.00,0,1,0,0,,,7,7.7,7.7,7.2,,96,,JohnKa03
372,Ray-Ray McCloud,2TM,WR,29,6,2,0,0,0,0,0,0,0,,0,15,7,69,9.86,0,0,0,0,,,7,13.9,13.9,10.4,,153,,McClRa00
373,Jaleel McLaughlin,DEN,RB,25,2,0,0,0,0,0,0,7,19,2.71,1,2,1,-5,-5.00,0,0,0,1,,,7,8.4,8.4,7.9,,92,,McLaJa00
374,Skyy Moore,SFO,WR,25,12,0,0,0,0,0,0,1,1,1.00,0,6,4,64,16.00,0,1,0,0,,,7,10.5,10.5,8.5,,154,,MoorSk01
375,Andrew Ogletree,IND,TE,27,11,3,0,0,0,0,0,0,0,,0,3,2,8,4.00,1,0,0,1,,,7,8.8,8.8,7.8,,77,,OgleAn00
376,Will Shipley,PHI,RB,23,9,0,0,0,0,0,0,11,45,4.09,0,6,4,28,7.00,0,0,0,0,,,7,11.3,11.3,9.3,,93,,ShipWi00
377,Mo Alie-Cox,IND,TE,32,11,5,0,0,0,0,0,0,0,,0,9,5,59,11.80,0,0,0,0,,,6,10.9,10.9,8.4,,82,,AlieMo00
378,John Bates,WAS,TE,28,9,7,0,0,0,0,0,0,0,,0,10,6,62,10.33,0,0,0,0,,,6,12.2,12.2,9.2,,80,,BateJo00
379,Gabriel Davis,BUF,WR,26,2,2,0,0,0,0,0,0,0,,0,6,4,62,15.50,0,0,0,0,,,6,10.2,10.2,8.2,,155,,DaviGa01
380,AJ Dillon,PHI,RB,27,6,0,0,0,0,0,0,12,60,5.00,0,2,2,18,9.00,0,1,1,0,,,6,7.8,8.8,6.8,,100,,DillAJ00
381,Chris Godwin,TAM,WR,29,3,2,0,0,0,0,0,0,0,,0,18,8,61,7.63,0,0,0,0,,,6,14.1,14.1,10.1,,156,,GodwCh00
382,Lil'Jordan Humphrey,2TM,WR,27,4,2,0,0,0,0,0,0,0,,0,10,4,55,13.75,0,0,0,0,,,6,9.5,9.5,7.5,,159,,HumpLi01
383,Charlie Jones,CIN,WR,27,11,0,0,0,0,0,0,0,0,,0,1,0,0,,0,0,0,1,,,6,6.0,6.0,6.0,,157,,JoneCh11
384,David Martin-Robinson,TEN,TE,26,11,3,0,0,0,0,0,0,0,,0,1,1,1,1.00,1,0,0,1,,,6,7.1,7.1,6.6,,81,,MartDa01
385,Joe Milton,DAL,QB,25,2,0,6,9,99,1,1,0,0,,0,0,0,0,,0,0,0,0,,,6,6.0,7.0,7.0,,50,,MiltJo00
386,Kene Nwangwu,NYJ,RB,27,6,0,0,0,0,0,0,0,0,,0,0,0,0,,0,0,0,1,,,6,6.0,6.0,6.0,,99,,NwanKe00
387,Raheim Sanders,CLE,RB,23,1,0,0,0,0,0,0,3,3,1.00,1,0,0,0,,0,0,0,1,,,6,6.3,6.3,6.3,,98,,SandRa00
388,Luke Schoonmaker,DAL,TE,27,11,4,0,0,0,0,0,0,0,,0,16,8,63,7.88,0,0,0,0,,,6,14.3,14.3,10.3,,78,,SchoLu00
389,Arian Smith,NYJ,WR,24,11,5,0,0,0,0,0,3,11,3.67,0,10,6,47,7.83,0,0,0,0,,,6,11.8,11.8,8.8,,158,,SmitAr01
390,Josh Whyle,GNB,TE,26,3,1,0,0,0,0,0,0,0,,0,2,2,3,1.50,1,0,0,1,,,6,8.3,8.3,7.3,,79,,WhylJo01
391,Malik Willis,GNB,QB,26,2,0,3,3,13,1,0,3,19,6.33,0,0,0,0,,0,0,0,0,,,6,6.4,6.4,6.4,,49,,WillMa12
392,Robbie Chosen,WAS,WR,32,3,0,0,0,0,0,0,0,0,,0,9,5,53,10.60,0,0,0,0,,,5,10.3,10.3,7.8,,160,,AndeRo04
393,Grant Calcaterra,PHI,TE,27,9,4,0,0,0,0,0,0,0,,0,8,5,48,9.60,0,0,0,0,,,5,9.8,9.8,7.3,,83,,CalcGr00
394,Malik Davis,DAL,RB,27,5,0,0,0,0,0,0,10,50,5.00,0,0,0,0,,0,0,0,0,,,5,5.0,5.0,5.0,,101,,DaviMa02
395,Alec Ingold,MIA,FB,29,11,7,0,0,0,0,0,2,9,4.50,0,7,5,36,7.20,0,0,0,0,,,5,9.5,9.5,7.0,,104,,IngoAl01
396,Bo Melton,GNB,WR,26,10,0,0,0,0,0,0,2,20,10.00,0,5,2,28,14.00,0,0,0,0,,,5,6.8,6.8,5.8,,161,,MeltBo00
397,Adam Prentice,DEN,FB,28,11,1,0,0,0,0,0,4,17,4.25,0,5,3,31,10.33,0,0,0,0,,,5,7.8,7.8,6.3,,103,,PrenAd00
398,Austin Trammell,JAX,WR,27,4,0,0,0,0,0,0,0,0,,0,6,3,46,15.33,0,0,0,0,,,5,7.6,7.6,6.1,,163,,TramAu00
399,Jaylen Wright,MIA,RB,22,4,0,0,0,0,0,0,15,49,3.27,0,1,1,0,0.00,0,0,0,0,,,5,5.9,5.9,5.4,,102,,WrigJa04
400,Dareke Young,SEA,WR,26,6,0,0,0,0,0,0,0,0,,0,2,2,48,24.00,0,0,0,0,,,5,6.8,6.8,5.8,,162,,YounDa02
401,Braxton Berrios,HOU,WR,30,4,0,0,0,0,0,0,0,0,,0,8,6,37,6.17,0,0,0,0,,,4,9.7,9.7,6.7,,167,,BerrBr00
402,Noah Brown,WAS,WR,29,2,2,0,0,0,0,0,0,0,,0,7,3,36,12.00,0,0,0,0,,,4,6.6,6.6,5.1,,168,,BrowNo00
403,Nathan Carter,ATL,RB,23,4,0,0,0,0,0,0,9,60,6.67,0,0,0,0,,0,1,1,0,,,4,4.0,5.0,4.0,,107,,CartNa00
404,Julius Chestnut,TEN,RB,25,11,0,0,0,0,0,0,10,39,3.90,0,2,0,0,,0,0,0,0,,,4,3.9,3.9,3.9,,108,,ChesJu00
405,Will Dissly,LAC,TE,29,4,1,0,0,0,0,0,0,0,,0,5,4,43,10.75,0,0,0,0,,,4,8.3,8.3,6.3,,84,,DissWi00
406,D'Wayne Eskridge,MIA,WR,28,9,0,0,0,0,0,0,0,0,,0,7,4,62,15.50,0,1,1,0,,,4,8.2,9.2,6.2,,164,,EskrDW00
407,Hassan Haskins,LAC,RB,26,7,0,0,0,0,0,0,12,30,2.50,0,4,4,13,3.25,0,0,0,0,,,4,8.3,8.3,6.3,,106,,HaskHa00
408,Jalin Hyatt,NYG,WR,24,7,0,0,0,0,0,0,0,0,,0,13,5,35,7.00,0,0,0,0,,,4,8.5,8.5,6.0,,169,,HyatJa00
409,Trey Lance,LAC,QB,25,2,0,6,12,81,0,0,4,12,3.00,0,0,0,0,,0,0,0,0,,,4,4.4,4.4,4.4,,51,,LancTr00
410,Albert Okwuegbunam,LVR,TE,27,1,0,0,0,0,0,0,0,0,,0,6,5,36,7.20,0,0,0,0,,,4,8.6,8.6,6.1,,85,,OkwuAl00
411,James Proche,TEN,WR,29,3,0,0,0,0,0,0,0,0,,0,3,3,42,14.00,0,0,0,0,,,4,7.2,7.2,5.7,,165,,ProcJa00
412,Marquez Valdes-Scantling,SFO,WR,31,5,0,0,0,0,0,0,0,0,,0,8,4,40,10.00,0,0,0,0,,,4,8.0,8.0,6.0,,166,,ValdMa00
413,Zamir White,LVR,RB,26,4,0,0,0,0,0,0,10,25,2.50,0,5,3,19,6.33,0,0,0,0,,,4,7.4,7.4,5.9,,105,,WhitZa01
414,Tyson Bagent,CHI,QB,25,3,0,3,4,47,0,0,2,7,3.50,0,0,0,0,,0,1,0,0,,,3,2.6,2.6,2.6,,53,,BageTy00
415,Teddy Bridgewater,TAM,QB,33,4,0,8,15,62,0,0,3,4,1.33,0,0,0,0,,0,0,0,0,,,3,2.9,2.9,2.9,,52,,BridTe00
416,Tahj Brooks,CIN,RB,23,11,0,0,0,0,0,0,9,28,3.11,0,1,0,0,,0,0,0,0,,,3,2.8,2.8,2.8,,110,,BrooTa00
417,Beaux Collins,NYG,WR,23,9,0,0,0,0,0,0,0,0,,0,6,2,25,12.50,0,0,0,0,,,3,4.5,4.5,3.5,,176,,CollBe00
418,KhaDarel Hodge,ATL,WR,30,10,1,0,0,0,0,0,0,0,,0,10,3,31,10.33,0,0,0,0,,,3,6.1,6.1,4.6,,172,,HodgKh00
419,Jacoby Jones,WAS,WR,24,1,0,0,0,0,0,0,0,0,,0,1,1,25,25.00,0,0,0,0,,,3,3.5,3.5,3.0,,177,,JoneJa16
420,Gage Larvadain,CLE,WR,23,7,0,0,0,0,0,0,1,3,3.00,0,6,2,22,11.00,0,0,0,0,,,3,4.5,4.5,3.5,,178,,LarvGa00
421,James Mitchell,CAR,TE,26,3,0,0,0,0,0,0,0,0,,0,3,3,28,9.33,0,0,0,0,,,3,5.8,5.8,4.3,,87,,MitcJa00
422,Foster Moreau,NOR,TE,28,7,5,0,0,0,0,0,0,0,,0,6,3,25,8.33,0,0,0,0,,,3,5.5,5.5,4.0,,88,,MoreFo00
423,Dare Ogunbowale,HOU,RB,31,11,0,0,0,0,0,0,3,18,6.00,0,6,5,36,7.20,0,1,1,0,,,3,8.4,9.4,5.9,,109,,OgunDa00
424,Dameon Pierce,HOU,RB,25,4,0,0,0,0,0,0,10,26,2.60,0,1,0,0,,0,0,0,0,,,3,2.6,2.6,2.6,,111,,PierDa01
425,Nikko Remigio,KAN,WR,26,11,0,0,0,0,0,0,1,11,11.00,0,1,1,21,21.00,0,1,0,0,,,3,4.2,4.2,3.7,,171,,RemiNi00
426,Xavier Restrepo,TEN,WR,23,1,0,0,0,0,0,0,0,0,,0,6,2,26,13.00,0,0,0,0,,,3,4.6,4.6,3.6,,174,,RestXa00
427,Mason Tipton,NOR,WR,25,10,1,0,0,0,0,0,1,11,11.00,0,6,3,22,7.33,0,0,0,0,,,3,6.3,6.3,4.8,,170,,TiptMa00
428,Jordan Watkins,SFO,WR,23,3,0,0,0,0,0,0,0,0,,0,3,2,26,13.00,0,0,0,0,,,3,4.6,4.6,3.6,,175,,WatkJo00
429,Justin Watson,HOU,WR,29,2,0,0,0,0,0,0,0,0,,0,4,3,30,10.00,0,0,0,0,,,3,6.0,6.0,4.5,,173,,WatsJu01
430,Charlie Woerner,ATL,TE,28,11,8,0,0,0,0,0,0,0,,0,6,5,33,6.60,0,0,0,0,,,3,8.3,8.3,5.8,,86,,WoerCh00
431,Rasheen Ali,BAL,RB,24,9,0,0,0,0,0,0,1,5,5.00,0,1,1,15,15.00,0,0,0,0,,,2,3.0,3.0,2.5,,114,,AlixRa00
432,Brenden Bates,2TM,TE,26,5,1,0,0,0,0,0,0,0,,0,2,2,23,11.50,0,0,0,0,,,2,4.3,4.3,3.3,,89,,BateBr00
433,Jake Bobo,SEA,WR,27,7,0,0,0,0,0,0,0,0,,0,2,2,20,10.00,0,0,0,0,,,2,4.0,4.0,3.0,,182,,BoboJa00
434,British Brooks,HOU,RB,26,9,2,0,0,0,0,0,4,15,3.75,0,0,0,0,,0,0,0,0,,,2,1.5,1.5,1.5,,118,,BrooBr01
435,Max Brosmer,MIN,QB,24,3,0,5,8,42,0,0,1,-1,-1.00,0,0,0,0,,0,0,0,0,,,2,1.6,1.6,1.6,,58,,BrosMa00
436,Dylan Drummond,ATL,WR,25,3,0,0,0,0,0,0,0,0,,0,3,3,18,6.00,0,0,0,0,,,2,4.8,4.8,3.3,,184,,DrumDy00
437,Clyde Edwards-Helaire,KAN,RB,26,2,0,0,0,0,0,0,7,13,1.86,0,2,2,9,4.50,0,0,0,0,,,2,4.2,4.2,3.2,,113,,EdwaCl00
438,Quinn Ewers,MIA,QB,22,1,0,5,8,53,0,0,1,0,0.00,0,0,0,0,,0,2,0,0,,,2,2.1,2.1,2.1,,55,,EwerQu00
439,Tucker Fisk,LAC,TE,26,9,6,0,0,0,0,0,0,0,,0,4,2,19,9.50,0,0,0,0,,,2,3.9,3.9,2.9,,91,,FiskTu00
440,Tyler Goodson,IND,RB,25,6,0,0,0,0,0,0,5,12,2.40,0,3,2,8,4.00,0,0,0,0,,,2,4.0,4.0,3.0,,115,,GoodTy00
441,Roschon Johnson,CHI,RB,24,7,0,0,0,0,0,0,2,17,8.50,0,0,0,0,,0,0,0,0,,,2,1.7,1.7,1.7,,117,,JohnRo07
442,Tim Jones,2TM,WR,27,4,0,0,0,0,0,0,0,0,,0,1,1,15,15.00,0,0,0,0,,,2,2.5,2.5,2.0,,186,,JoneTi00
443,Lucas Krull,DEN,TE,27,3,3,0,0,0,0,0,0,0,,0,4,2,15,7.50,0,0,0,0,,,2,3.5,3.5,2.5,,93,,KrulLu00
444,Dylan Laube,LVR,RB,26,11,0,0,0,0,0,0,5,5,1.00,0,4,3,18,6.00,0,0,0,0,,,2,5.3,5.3,3.8,,112,,LaubDy00
445,Tay Martin,WAS,WR,28,3,0,0,0,0,0,0,0,0,,0,2,2,23,11.50,0,0,0,0,,,2,4.3,4.3,3.3,,180,,MartTa00
446,David Moore,CAR,WR,30,4,2,0,0,0,0,0,1,12,12.00,0,1,1,5,5.00,0,0,0,0,,,2,2.7,2.7,2.2,,185,,MoorDa03
447,Tip Reiman,ARI,TE,24,4,3,0,0,0,0,0,0,0,,0,5,3,18,6.00,0,0,0,0,,,2,4.8,4.8,3.3,,92,,ReimTi00
448,Cooper Rush,BAL,QB,32,4,2,34,52,303,0,4,4,-4,-1.00,0,0,0,0,,0,1,1,0,,,2,1.7,9.7,5.7,,56,,RushCo00
449,Trent Sherfield,DEN,WR,29,10,3,0,0,0,0,0,0,0,,0,4,3,21,7.00,0,0,0,0,,,2,5.1,5.1,3.6,,181,,SherTr00
450,Cade Stover,HOU,TE,25,3,2,0,0,0,0,0,0,0,,0,6,4,22,5.50,0,0,0,0,,,2,6.2,6.2,4.2,,90,,StovCa00
451,Mitchell Trubisky,BUF,QB,31,3,0,3,6,54,0,0,4,1,0.25,0,0,0,0,,0,0,0,0,,,2,2.3,2.3,2.3,,54,,TrubMi00
452,Jared Wayne,HOU,WR,25,1,1,0,0,0,0,0,0,0,,0,2,2,20,10.00,0,0,0,0,,,2,4.0,4.0,3.0,,183,,WaynJa01
453,Xavier Weaver,ARI,WR,25,6,1,0,0,0,0,0,0,0,,0,7,3,24,8.00,0,0,0,0,,,2,5.4,5.4,3.9,,179,,WeavXa00
454,Zach Wilson,MIA,QB,26,2,0,6,9,32,0,0,1,3,3.00,0,0,0,0,,0,0,0,0,,,2,1.6,1.6,1.6,,57,,WilsZa00
455,Jacardia Wright,SEA,RB,25,1,0,0,0,0,0,0,5,20,4.00,0,0,0,0,,0,0,0,0,,,2,2.0,2.0,2.0,,116,,WrigJa05
456,Andre Baccellia,ARI,WR,28,2,0,0,0,0,0,0,0,0,,0,1,1,5,5.00,0,0,0,0,,,1,1.5,1.5,1.0,,195,,BaccAn00
457,Alex Bachman,LVR,WR,29,8,0,0,0,0,0,0,0,0,,0,2,1,9,9.00,0,0,0,0,,,1,1.9,1.9,1.4,,189,,BachAl00
458,Harrison Bryant,HOU,TE,27,8,3,0,0,0,0,0,0,0,,0,6,2,7,3.50,0,0,0,0,,,1,2.7,2.7,1.7,,98,,BryaHa00
459,Darius Cooper,PHI,WR,24,7,0,0,0,0,0,0,0,0,,0,2,2,7,3.50,0,0,0,0,,,1,2.7,2.7,1.7,,194,,CoopDa01
460,Josiah Deguara,ARI,TE,28,6,0,0,0,0,0,0,0,0,,0,1,1,6,6.00,0,0,0,0,,,1,1.6,1.6,1.1,,100,,DeguJo00
461,Tai Felton,MIN,WR,22,11,0,0,0,0,0,0,0,0,,0,1,1,9,9.00,0,0,0,0,,,1,1.9,1.9,1.4,,190,,FeltTa00
462,Cam Grandy,CIN,TE,25,3,1,0,0,0,0,0,0,0,,0,1,1,6,6.00,0,1,0,0,,,1,1.6,1.6,1.1,,101,,GranCa00
463,Kylen Granson,PHI,TE,27,11,2,0,0,0,0,0,0,0,,0,4,3,10,3.33,0,0,0,0,,,1,4.0,4.0,2.5,,97,,GranKy00
464,C.J. Ham,MIN,FB,32,5,0,0,0,0,0,0,0,0,,0,1,1,5,5.00,0,0,0,0,,,1,1.5,1.5,1.0,,124,,HamxC.00
465,Amar Johnson,LAC,RB,22,2,0,0,0,0,0,0,2,8,4.00,0,1,0,0,,0,0,0,0,,,1,0.8,0.8,0.8,,121,,JohnAm00
466,D'Ernest Johnson,2TM,RB,29,4,0,0,0,0,0,0,5,7,1.40,0,0,0,0,,0,0,0,0,,,1,0.7,0.7,0.7,,122,,JohnDE04
467,Mason Kinsey,TEN,WR,27,5,0,0,0,0,0,0,0,0,,0,3,1,14,14.00,0,0,0,0,,,1,2.4,2.4,1.9,,187,,KinsMa00
468,Chris Manhertz,NYG,TE,33,12,2,0,0,0,0,0,0,0,,0,1,1,7,7.00,0,0,0,0,,,1,1.7,1.7,1.2,,99,,ManhCh00
469,Scott Miller,PIT,WR,28,8,0,0,0,0,0,0,0,0,,0,2,1,9,9.00,0,0,0,0,,,1,1.9,1.9,1.4,,191,,MillSc01
470,Quintin Morris,JAX,TE,26,8,2,0,0,0,0,0,0,0,,0,3,1,11,11.00,0,0,0,0,,,1,2.1,2.1,1.6,,96,,MorrQu00
471,Bryce Oliver,TEN,WR,25,2,0,0,0,0,0,0,0,0,,0,1,1,8,8.00,0,0,0,0,,,1,1.8,1.8,1.3,,193,,OlivBr02
472,Dante Pettis,NOR,WR,30,2,0,0,0,0,0,0,0,0,,0,1,1,14,14.00,0,0,0,0,,,1,2.4,2.4,1.9,,188,,PettDa00
473,Anthony Richardson,IND,QB,23,2,0,1,2,9,0,0,4,-1,-0.25,0,1,1,9,9.00,0,0,0,0,,,1,2.2,2.2,1.7,,59,,RichAn03
474,Eric Saubert,SEA,TE,31,7,1,0,0,0,0,0,0,0,,0,1,1,12,12.00,0,0,0,0,,,1,2.2,2.2,1.7,,94,,SaubEr00
475,Jacob Saylors,DET,RB,24,10,0,0,0,0,0,0,2,11,5.50,0,0,0,0,,0,0,0,0,,,1,1.1,1.1,1.1,,119,,SaylJa00
476,Durham Smythe,CHI,TE,30,11,1,0,0,0,0,0,0,0,,0,4,2,12,6.00,0,0,0,0,,,1,3.2,3.2,2.2,,95,,SmytDu00
477,Josh Williams,TAM,RB,25,3,0,0,0,0,0,0,4,11,2.75,0,0,0,0,,0,0,0,0,,,1,1.1,1.1,1.1,,120,,WillJo011
478,Cedrick Wilson Jr.,MIA,WR,30,4,0,0,0,0,0,0,0,0,,0,2,2,9,4.50,0,0,0,0,,,1,2.9,2.9,1.9,,192,,WilsCe01
479,Owen Wright,TAM,RB,26,3,0,0,0,0,0,0,3,6,2.00,0,0,0,0,,0,0,0,0,,,1,0.6,0.6,0.6,,123,,WrigOw00
480,Ben Yurosek,MIN,TE,23,8,0,0,0,0,0,0,0,0,,0,2,1,5,5.00,0,0,0,0,,,1,1.5,1.5,1.0,,102,,YuroBe00
481,Jamal Agnew,ATL,WR,30,9,0,0,0,0,0,0,0,0,,0,0,0,0,,0,2,0,0,,,,,,,,199,,AgneJa00
482,Kyle Allen,DET,QB,29,3,0,0,2,0,0,0,3,-3,-1.00,0,0,0,0,,0,0,0,0,,,,-0.3,-0.3,-0.3,,71,,AlleKy00
483,Kevin Austin,NOR,WR,25,2,0,0,0,0,0,0,0,0,,0,1,0,0,,0,0,0,0,,,,,,,,200,,AustKe00
484,Michael Bandy,DEN,WR,28,2,0,0,0,0,0,0,0,0,,0,1,1,16,16.00,0,1,1,0,,,,0.6,1.6,0.1,,227,,BandMi00
485,Ulysses Bentley,IND,RB,25,1,0,0,0,0,0,0,1,0,0.00,0,0,0,0,,0,0,0,0,,,,,,,,130,,BentUl00
486,Gary Brightwell,CIN,RB,26,1,0,0,0,0,0,0,0,0,,0,0,0,0,,0,0,0,0,,,,,,,,131,,BrigGa00
487,Jalen Brooks,DAL,WR,25,1,0,0,0,0,0,0,0,0,,0,0,0,0,,0,0,0,0,,,,,,,,201,,BrooJa03
488,Ja'Corey Brooks,WAS,WR,24,1,0,0,0,0,0,0,0,0,,0,0,0,0,,0,0,0,0,,,,,,,,202,,BrooJa04
489,Jason Brownlee,KAN,WR,26,5,0,0,0,0,0,0,0,0,,0,1,0,0,,0,0,0,0,,,,,,,,203,,BrowJa07
490,Pharaoh Brown,ARI,TE,31,2,1,0,0,0,0,0,0,0,,0,0,0,0,,0,0,0,0,,,,,,,,109,,BrowPh01
491,Dalen Cambre,NYG,WR,24,2,0,0,0,0,0,0,0,0,,0,0,0,0,,0,0,0,0,,,,,,,,204,,CambDa00
492,Dalevon Campbell,CAR,WR,24,2,0,0,0,0,0,0,0,0,,0,0,0,0,,0,0,0,0,,,,,,,,205,,CampDa01
493,Parris Campbell,DAL,WR,28,1,0,0,0,0,0,0,0,0,,0,0,0,0,,0,0,0,0,,,,,,,,206,,CampPa00
494,Stephen Carlson,CHI,TE,29,2,0,0,0,0,0,0,0,0,,0,0,0,0,,0,0,0,0,,,,,,,,110,,CarlSt00
495,DeAndre Carter,CLE,WR,32,4,0,0,0,0,0,0,0,0,,0,0,0,0,,0,1,0,0,,,,,,,,207,,CartDe02
496,Ty Chandler,MIN,RB,27,1,0,0,0,0,0,0,0,0,,0,0,0,0,,0,0,0,0,,,,,,,,132,,ChanTy01
497,Dan Chisena,CAR,WR,28,1,0,0,0,0,0,0,0,0,,0,0,0,0,,0,0,0,0,,,,,,,,208,,ChisDa00
498,Efton Chism,NWE,WR,24,5,0,0,0,0,0,0,0,0,,0,0,0,0,,0,0,0,0,,,,,,,,209,,ChisEf00
499,Devin Culp,TAM,TE,25,8,0,0,0,0,0,0,0,0,,0,0,0,0,,0,0,0,0,,,,,,,,111,,CulpDe00
500,DeeJay Dallas,CAR,RB,27,3,0,0,0,0,0,0,1,0,0.00,0,0,0,0,,0,0,0,0,,,,,,,,133,,DallDe00
501,Kaden Davis,CLE,WR,27,2,0,0,0,0,0,0,0,0,,0,0,0,0,,0,0,0,0,,,,,,,,210,,DaviKa02
502,Joshua Dobbs,NWE,QB,30,2,0,1,2,12,0,0,5,-4,-0.80,0,0,0,0,,0,0,0,0,,,,0.1,0.1,0.1,,62,,DobbJo00
503,Payne Durham,TAM,TE,25,11,7,0,0,0,0,0,0,0,,0,2,0,0,,0,0,0,0,,,,,,,,112,,DurhPa00
504,Devin Duvernay,CHI,WR,28,11,0,0,0,0,0,0,0,0,,0,3,1,2,2.00,0,0,0,0,,,,1.2,1.2,0.7,,197,,DuveDe00
505,Ross Dwelley,DET,TE,30,9,0,0,0,0,0,0,0,0,,0,1,0,0,,0,0,0,0,,,,,,,,113,,DwelRo00
506,Chase Edmonds,WAS,RB,29,1,0,0,0,0,0,0,0,0,,0,0,0,0,,0,0,0,0,,,,,,,,134,,EdmoCh00
507,Audric Estime,NOR,RB,22,1,0,0,0,0,0,0,0,0,,0,0,0,0,,0,0,0,0,,,,,,,,135,,EstiAu00
508,Princeton Fant,DAL,TE,26,1,0,0,0,0,0,0,0,0,,0,0,0,0,,0,0,0,0,,,,,,,,114,,FantPr00
509,Simi Fehoko,ARI,WR,28,8,0,0,0,0,0,0,0,0,,0,0,0,0,,0,0,0,0,,,,,,,,211,,FehoSi00
510,Thomas Fidone,NYG,TE,23,7,0,0,0,0,0,0,0,0,,0,0,0,0,,0,0,0,0,,,,,,,,115,,FidoTh00
511,Anthony Firkser,DET,TE,30,1,0,0,0,0,0,0,0,0,,0,0,0,0,,0,0,0,0,,,,,,,,116,,FirkAn00
512,Feleipe Franks,ATL,TE,28,11,0,0,0,0,0,0,2,4,2.00,0,0,0,0,,0,0,0,0,,,,0.4,0.4,0.4,,103,,FranFe00
513,Russell Gage,SFO,WR,29,1,0,0,0,0,0,0,0,0,,0,0,0,0,,0,0,0,0,,,,,,,,212,,GageRu00
514,Jimmy Garoppolo,LAR,QB,34,1,0,0,0,0,0,0,3,-3,-1.00,0,0,0,0,,0,0,0,0,,,,-0.3,-0.3,-0.3,,70,,GaroJi00
515,Reggie Gilliam,BUF,FB,28,11,2,0,0,0,0,0,0,0,,0,1,1,2,2.00,0,0,0,0,,,,1.2,1.2,0.7,,128,,GillRe00
516,Anthony Gould,IND,WR,24,9,1,0,0,0,0,0,0,0,,0,1,1,3,3.00,0,0,0,0,,,,1.3,1.3,0.8,,196,,GoulAn00
517,Eric Gray,NYG,RB,26,1,0,0,0,0,0,0,0,0,,0,0,0,0,,0,0,0,0,,,,,,,,136,,GrayEr01
518,Isaac Guerendo,SFO,RB,25,12,0,0,0,0,0,0,0,0,,0,0,0,0,,0,0,0,0,,,,,,,,137,,GuerIs00
519,Khalil Herbert,NYJ,RB,27,2,0,0,0,0,0,0,0,0,,0,0,0,0,,0,0,0,0,,,,,,,,138,,HerbKh00
520,Nyheim Hines,LAC,RB,29,3,0,0,0,0,0,0,2,-2,-1.00,0,0,0,0,,0,0,0,0,,,,-0.2,-0.2,-0.2,,155,,HineNy00
521,Travis Homer,CHI,RB,27,5,0,0,0,0,0,0,1,-2,-2.00,0,0,0,0,,0,0,0,0,,,,-0.2,-0.2,-0.2,,156,,HomeTr00
522,Jarquez Hunter,LAR,RB,23,5,0,0,0,0,0,0,0,0,,0,0,0,0,,0,0,0,0,,,,,,,,139,,HuntJa03
523,Shedrick Jackson,LVR,WR,26,1,0,0,0,0,0,0,0,0,,0,0,0,0,,0,0,0,0,,,,,,,,213,,JackSh01
524,Jermar Jefferson,ARI,RB,25,1,0,0,0,0,0,0,0,0,,0,0,0,0,,0,0,0,0,,,,,,,,140,,JeffJe00
525,E.J. Jenkins,PHI,TE,27,1,0,0,0,0,0,0,0,0,,0,0,0,0,,0,0,0,0,,,,,,,,117,,JenkEJ00
526,Jakob Johnson,HOU,FB,31,5,2,0,0,0,0,0,0,0,,0,0,0,0,,0,0,0,0,,,,,,,,141,,JohnJa12
527,Josh Johnson,WAS,QB,39,2,0,0,0,0,0,0,0,0,,0,0,0,0,,0,0,0,0,,,,,,,,64,,JohnJo05
528,Velus Jones Jr.,NOR,RB,28,5,0,0,0,0,0,0,0,0,,0,0,0,0,,0,0,0,0,,,,,,,,142,,JoneVe00
529,Nikola Kalinic,CHI,TE,28,1,0,0,0,0,0,0,0,0,,0,0,0,0,,0,0,0,0,,,,,,,,118,,KaliNi00
530,Nick Kallerup,SEA,TE,24,4,0,0,0,0,0,0,0,0,,0,1,0,0,,0,0,0,0,,,,,,,,119,,KallNi00
531,Ko Kieft,TAM,TE,27,3,0,0,0,0,0,0,0,0,,0,0,0,0,,0,0,0,0,,,,,,,,120,,KiefKo00
532,KeAndre Lambert-Smith,LAC,WR,24,6,1,0,0,0,0,0,0,0,,0,4,1,1,1.00,0,0,0,0,,,,1.1,1.1,0.6,,198,,LambKe01
533,Cameron Latu,PHI,TE,25,10,1,0,0,0,0,0,0,0,,0,0,0,0,,0,0,0,0,,,,,,,,121,,LatuCa01
534,Keleki Latu,BUF,TE,23,2,0,0,0,0,0,0,0,0,,0,1,1,4,4.00,0,0,0,0,,,,1.4,1.4,0.9,,104,,LatuKe00
535,Riley Leonard,IND,QB,23,1,0,0,2,0,0,0,1,1,1.00,0,0,0,0,,0,0,0,0,,,,0.1,0.1,0.1,,60,,LeonRi02
536,Marcedes Lewis,DEN,TE,41,3,1,0,0,0,0,0,0,0,,0,0,0,0,,0,0,0,0,,,,,,,,122,,LewiMa00
537,Drew Lock,SEA,QB,29,3,0,2,3,15,0,0,5,-5,-1.00,0,0,0,0,,0,1,0,0,,,,0.1,0.1,0.1,,61,,LockDr00
538,Dominic Lovett,DET,WR,23,11,0,0,0,0,0,0,0,0,,0,0,0,0,,0,0,0,0,,,,,,,,214,,LoveDo00
539,Will Mallory,IND,TE,26,1,0,0,0,0,0,0,0,0,,0,0,0,0,,0,0,0,0,,,,,,,,123,,MallWi00
540,Adrian Martinez,SFO,QB,25,1,0,0,0,0,0,0,1,-1,-1.00,0,0,0,0,,0,0,0,0,,,,-0.1,-0.1,-0.1,,68,,MartAd00
541,Moliki Matavao,NOR,TE,22,3,0,0,0,0,0,0,0,0,,0,0,0,0,,0,0,0,0,,,,,,,,124,,MataMo00
542,Tanner McKee,PHI,QB,25,1,0,0,0,0,0,0,3,-2,-0.67,0,0,0,0,,0,0,0,0,,,,-0.2,-0.2,-0.2,,69,,McKeTa01
543,Jackson Meeks,DET,WR,22,2,0,0,0,0,0,0,0,0,,0,0,0,0,,0,0,0,0,,,,,,,,215,,MeekJa00
544,Kendall Milton,CIN,RB,23,1,0,0,0,0,0,0,2,2,1.00,0,0,0,0,,0,0,0,0,,,,0.2,0.2,0.2,,129,,MiltKe01
545,Jordan Mims,TEN,RB,26,1,0,0,0,0,0,0,0,0,,0,0,0,0,,0,0,0,0,,,,,,,,143,,MimsJo00
546,Jonathan Mingo,DAL,WR,24,1,0,0,0,0,0,0,0,0,,0,0,0,0,,0,0,0,0,,,,,,,,216,,MingJo00
547,Elijah Mitchell,KAN,RB,27,1,0,0,0,0,0,0,0,0,,0,1,0,0,,0,0,0,0,,,,,,,,144,,MitcEl00
548,Jalen Moreno-Cropper,DAL,WR,24,3,0,0,0,0,0,0,0,0,,0,0,0,0,,0,1,0,0,,,,,,,,217,,MoreJa01
549,Kalel Mullings,TEN,RB,23,3,0,0,0,0,0,0,0,0,,0,0,0,0,,0,0,0,0,,,,,,,,145,,MullKa00
550,Nick Mullens,JAX,QB,30,1,0,0,0,0,0,0,0,0,,0,0,0,0,,0,0,0,0,,,,,,,,65,,MullNi00
551,Lew Nichols,PIT,RB,24,1,0,0,0,0,0,0,0,0,,0,0,0,0,,0,0,0,0,,,,,,,,146,,NichLe00
552,Robbie Ouzts,SEA,FB,23,7,2,0,0,0,0,0,0,0,,0,0,0,0,,0,0,0,0,,,,,,,,147,,OuztRo00
553,Brennan Presley,LAR,WR,23,1,0,0,0,0,0,0,0,0,,0,0,0,0,,0,0,0,0,,,,,,,,218,,PresBr00
554,Teagan Quitoriano,ATL,TE,25,11,1,0,0,0,0,0,0,0,,0,0,0,0,,0,0,0,0,,,,,,,,125,,QuitTe00
555,Craig Reynolds,DET,RB,29,7,0,0,0,0,0,0,3,4,1.33,0,0,0,0,,0,0,0,0,,,,0.4,0.4,0.4,,125,,ReynCr00
556,Patrick Ricard,BAL,FB,31,5,1,0,0,0,0,0,1,3,3.00,0,0,0,0,,0,0,0,0,,,,0.3,0.3,0.3,,127,,RicaPa00
557,Ronnie Rivers,LAR,RB,26,5,0,0,0,0,0,0,0,0,,0,0,0,0,,0,0,0,0,,,,,,,,148,,RiveRo01
558,Jalen Royals,KAN,WR,22,4,0,0,0,0,0,0,0,0,,0,0,0,0,,0,0,0,0,,,,,,,,219,,RoyaJa00
559,Hayden Rucci,MIA,TE,24,4,0,0,0,0,0,0,0,0,,0,0,0,0,,0,0,0,0,,,,,,,,126,,RuccHa00
560,Carter Runyon,LVR,TE,24,7,0,0,0,0,0,0,0,0,,0,1,1,3,3.00,0,0,0,0,,,,1.3,1.3,0.8,,107,,RunyCa00
561,Brady Russell,SEA,TE,27,11,1,0,0,0,0,0,0,0,,0,0,0,0,,0,0,0,0,,,,,,,,127,,RussBr00
562,Brett Rypien,CIN,QB,29,1,0,0,0,0,0,0,0,0,,0,0,0,0,,0,0,0,0,,,,,,,,63,,RypiBr00
563,Cody Schrader,LAR,RB,26,1,0,0,0,0,0,0,0,0,,0,0,0,0,,0,0,0,0,,,,,,,,149,,SchrCo00
564,Trey Sermon,PIT,RB,26,4,0,0,0,0,0,0,0,0,,0,0,0,0,,0,0,0,0,,,,,,,,150,,SermTr00
565,Justin Shorter,LVR,TE,25,7,0,0,0,0,0,0,0,0,,0,0,0,0,,0,0,0,0,,,,,,,,128,,ShorJu00
566,Ben Sims,2TM,TE,25,5,1,0,0,0,0,0,0,0,,0,0,0,0,,0,0,0,0,,,,,,,,129,,SimsBe00
567,Kedon Slovis,ARI,QB,24,2,0,1,2,-2,0,0,0,0,,0,0,0,0,,0,0,0,0,,,,-0.1,-0.1,-0.1,,66,,SlovKe00
568,Stone Smartt,NYJ,TE,27,9,0,0,0,0,0,0,0,0,,0,0,0,0,,0,0,0,0,,,,,,,,130,,SmarSt00
569,Brandon Smith,NYJ,WR,27,2,0,0,0,0,0,0,0,0,,0,0,0,0,,0,0,0,0,,,,,,,,220,,SmitBr07
570,Jarrett Stidham,DEN,QB,29,1,0,0,0,0,0,0,1,-1,-1.00,0,0,0,0,,0,0,0,0,,,,-0.1,-0.1,-0.1,,67,,StidJa00
571,Deven Thompkins,ATL,WR,26,1,0,0,0,0,0,0,0,0,,0,0,0,0,,0,0,0,0,,,,,,,,221,,ThomDe07
572,Robert Tonyan,KAN,TE,31,11,0,0,0,0,0,0,0,0,,0,1,1,1,1.00,0,0,0,0,,,,1.1,1.1,0.6,,108,,TonyRo00
573,Laquon Treadwell,IND,WR,30,4,0,0,0,0,0,0,0,0,,0,0,0,0,,0,0,0,0,,,,,,,,222,,TreaLa00
574,Malik Turner,SFO,WR,29,3,0,0,0,0,0,0,0,0,,0,1,0,0,,0,0,0,0,,,,,,,,223,,TurnMa00
575,Sione Vaki,DET,RB,24,5,0,0,0,0,0,0,1,4,4.00,0,0,0,0,,0,0,0,0,,,,0.4,0.4,0.4,,126,,VakiSi00
576,Nick Vannett,MIN,TE,32,4,1,0,0,0,0,0,0,0,,0,0,0,0,,0,0,0,0,,,,,,,,131,,VannNi00
577,Travis Vokolek,ARI,TE,27,5,1,0,0,0,0,0,0,0,,0,0,0,0,,0,0,0,0,,,,,,,,132,,VokoTr00
578,Jahdae Walker,CHI,WR,23,5,0,0,0,0,0,0,0,0,,0,0,0,0,,0,0,0,0,,,,,,,,224,,WalkJa03
579,Carlos Washington,ATL,RB,27,1,0,0,0,0,0,0,0,0,,0,0,0,0,,0,0,0,0,,,,,,,,151,,WashCa00
580,Treyton Welch,NOR,TE,24,1,0,0,0,0,0,0,0,0,,0,0,0,0,,0,0,0,0,,,,,,,,133,,WelcTr00
581,Jack Westover,NWE,FB,26,12,1,0,0,0,0,0,0,0,,0,1,0,0,,0,0,0,0,,,,,,,,152,,WestJa01
582,Blake Whiteheart,CLE,TE,25,11,2,0,0,0,0,0,0,0,,0,3,2,4,2.00,0,1,0,0,,,,2.4,2.4,1.4,,105,,WhitBl01
583,Ricky White,SEA,WR,23,2,0,0,0,0,0,0,0,0,,0,0,0,0,,0,0,0,0,,,,,,,,225,,WhitRi01
584,Avery Williams,NYJ,WR,27,1,0,0,0,0,0,0,0,0,,0,0,0,0,,0,0,0,0,,,,,,,,226,,WillAv02
585,Brayden Willis,SFO,TE,26,5,0,0,0,0,0,0,0,0,,0,1,0,0,,0,0,0,0,,,,,,,,134,,WillBr06
586,Trayveon Williams,LAC,RB,28,2,0,0,0,0,0,0,3,-1,-0.33,0,1,1,0,0.00,0,0,0,0,,,,0.9,0.9,0.4,,154,,WillTr06
587,Jeff Wilson,MIA,RB,30,2,0,0,0,0,0,0,0,0,,0,0,0,0,,0,0,0,0,,,,,,,,153,,WilsJe01
588,Jelani Woods,NYJ,TE,27,1,0,0,0,0,0,0,0,0,,0,0,0,0,,0,0,0,0,,,,,,,,135,,WoodJe01
589,Colson Yankoff,WAS,TE,25,9,0,0,0,0,0,0,0,0,,0,1,1,4,4.00,0,0,0,0,,,,1.4,1.4,0.9,,106,,YankCo00
590,Shane Zylstra,DET,TE,29,2,0,0,0,0,0,0,0,0,,0,0,0,0,,0,0,0,0,,,,,,,,136,,ZylsSh00
591,Derius Davis,LAC,WR,25,8,0,0,0,0,0,0,2,5,2.50,0,2,1,3,3.00,0,1,1,0,,,-1,-0.2,0.8,-0.7,,229,,DaviDe02
592,Gardner Minshew II,KAN,QB,29,2,0,0,0,0,0,0,5,-6,-1.20,0,0,0,0,,0,0,0,0,,,-1,-0.6,-0.6,-0.6,,72,,MinsGa00
593,Tahj Washington,MIA,WR,24,4,1,0,0,0,0,0,0,0,,0,2,1,11,11.00,0,1,1,0,,,-1,0.1,1.1,-0.4,,228,,WashTa00
594,Mecole Hardman,BUF,WR,27,1,0,0,0,0,0,0,0,0,,0,1,0,0,,0,1,1,0,,,-2,-2.0,-1.0,-2.0,,230,,HardMe00
595,Jalen Milroe,SEA,QB,23,3,0,0,0,0,0,0,3,4,1.33,0,0,0,0,,0,1,1,0,,,-2,-1.6,-0.6,-1.6,,73,,MilrJa00
596,Kenny Pickett,LVR,QB,27,2,0,2,3,8,0,0,1,0,0.00,0,0,0,0,,0,1,1,0,,,-2,-1.7,-0.7,-1.7,,74,,PickKe00
597,LaJohntay Wester,BAL,WR,23,11,0,0,0,0,0,0,0,0,,0,0,0,0,,0,2,1,0,,,-2,-2.0,-1.0,-2.0,,231,,WestLa01
598,Ke'Shawn Williams,PIT,WR,24,7,0,0,0,0,0,0,0,0,,0,0,0,0,,0,2,1,0,,,-2,-2.0,-1.0,-2.0,,232,,WillKe08
599,Xavier Gipson,2TM,WR,24,6,0,0,0,0,0,0,0,0,,0,2,2,6,3.00,0,3,2,0,,,-3,-1.4,0.6,-2.4,,233,,GipsXa00
600,Myles Price,MIN,WR,24,11,0,0,0,0,0,0,0,0,,0,0,0,0,,0,4,3,0,,,-6,-6.0,-3.0,-6.0,,234,,PricMy00